"Symbol","Name","LastSale","MarketCap","IPOyear","Sector","industry","Summary Quote",
"YI","111, Inc.","8.43","$687.42M","2018","Health Care","Medical/Nursing Services","https://www.nasdaq.com/symbol/yi",
"PIH","1347 Property Insurance Holdings, Inc.","4.8","$28.76M","2014","Finance","Property-Casualty Insurers","https://www.nasdaq.com/symbol/pih",
"PIHPP","1347 Property Insurance Holdings, Inc.","23.4799","n/a","n/a","Finance","Property-Casualty Insurers","https://www.nasdaq.com/symbol/pihpp",
"TURN","180 Degree Capital Corp.","1.93","$60.06M","n/a","Finance","Finance/Investors Services","https://www.nasdaq.com/symbol/turn",
"FLWS","1-800 FLOWERS.COM, Inc.","17.98","$1.15B","1999","Consumer Services","Other Specialty Stores","https://www.nasdaq.com/symbol/flws",
"BCOW","1895 Bancorp of Wisconsin, Inc.","9.6","$30.72M","2019","Finance","Banks","https://www.nasdaq.com/symbol/bcow",
"FCCY","1st Constitution Bancorp (NJ)","18.37","$158.09M","n/a","Finance","Savings Institutions","https://www.nasdaq.com/symbol/fccy",
"SRCE","1st Source Corporation","47.54","$1.23B","n/a","Finance","Major Banks","https://www.nasdaq.com/symbol/srce",
"VNET","21Vianet Group, Inc.","9.91","$1.11B","2011","Technology","Computer Software: Programming, Data Processing","https://www.nasdaq.com/symbol/vnet",
"XXII","22nd Century Group, Inc","2.44","$303.54M","n/a","Consumer Non-Durables","Farming/Seeds/Milling","https://www.nasdaq.com/symbol/xxii",
"TWOU","2U, Inc.","71.2","$4.12B","2014","Technology","Computer Software: Prepackaged Software","https://www.nasdaq.com/symbol/twou",
"QFIN","360 Finance, Inc.","16.9","$2.43B","2018","Finance","Finance: Consumer Services","https://www.nasdaq.com/symbol/qfin",
"DDD","3D Systems Corporation","14.09","$1.61B","n/a","Technology","Computer Software: Prepackaged Software","https://www.nasdaq.com/symbol/ddd",
"MMM","3M Company","210.58","$121.25B","n/a","Health Care","Medical/Dental Instruments","https://www.nasdaq.com/symbol/mmm",
"TPNL","3PEA International, Inc.","7.25","$336.4M","n/a","Miscellaneous","Business Services","https://www.nasdaq.com/symbol/tpnl",
"WBAI","500.com Limited","13.1","$556.56M","2013","Consumer Services","Services-Misc. Amusement & Recreation","https://www.nasdaq.com/symbol/wbai",
"JOBS","51job, Inc.","74.07","$4.58B","2004","Technology","Diversified Commercial Services","https://www.nasdaq.com/symbol/jobs",
"WUBA","58.com Inc.","73.99","$10.96B","2013","Technology","Computer Software: Programming, Data Processing","https://www.nasdaq.com/symbol/wuba",
"EGHT","8x8 Inc","20.1","$1.92B","n/a","Technology","EDP Services","https://www.nasdaq.com/symbol/eght",
"AHC","A.H. Belo Corporation","3.99","$86.35M","n/a","Consumer Services","Newspapers/Magazines","https://www.nasdaq.com/symbol/ahc",
"AOS","A.O Smith Corporation","53.34","$8.96B","n/a","Consumer Durables","Consumer Electronics/Appliances","https://www.nasdaq.com/symbol/aos",
"ATEN","A10 Networks, Inc.","6.99","$515.85M","2014","Technology","Computer Communications Equipment","https://www.nasdaq.com/symbol/aten",
"AAC","AAC Holdings, Inc.","3.09","$76.02M","2014","Health Care","Medical Specialities","https://www.nasdaq.com/symbol/aac",
"AAON","AAON, Inc.","42.28","$2.2B","n/a","Capital Goods","Industrial Machinery/Components","https://www.nasdaq.com/symbol/aaon",
"AIR","AAR Corp.","37.45","$1.31B","n/a","Capital Goods","Aerospace","https://www.nasdaq.com/symbol/air",
"AAN","Aaron&#39;s,  Inc.","54.23","$3.94B","n/a","Technology","Diversified Commercial Services","https://www.nasdaq.com/symbol/aan",
"ABB","ABB Ltd","20.34","$43.36B","n/a","Consumer Durables","Electrical Products","https://www.nasdaq.com/symbol/abb",
"ABT","Abbott Laboratories","76.86","$134.99B","n/a","Health Care","Major Pharmaceuticals","https://www.nasdaq.com/symbol/abt",
"ABBV","AbbVie Inc.","80.29","$120.77B","2012","Health Care","Major Pharmaceuticals","https://www.nasdaq.com/symbol/abbv",
"ABEO","Abeona Therapeutics Inc.","7.33","$351.43M","n/a","Health Care","Major Pharmaceuticals","https://www.nasdaq.com/symbol/abeo",
"ABEOW","Abeona Therapeutics Inc.","3.35","n/a","n/a","Health Care","Major Pharmaceuticals","https://www.nasdaq.com/symbol/abeow",
"ANF","Abercrombie & Fitch Company","21.28","$1.4B","n/a","Consumer Services","Clothing/Shoe/Accessory Stores","https://www.nasdaq.com/symbol/anf",
"FAX","Aberdeen Asia-Pacific Income Fund Inc","4.24","$1.07B","1986","n/a","n/a","https://www.nasdaq.com/symbol/fax",
"IAF","Aberdeen Australia Equity Fund Inc","5.6","$127.36M","n/a","n/a","n/a","https://www.nasdaq.com/symbol/iaf",
"AEF","Aberdeen Emerging Markets Equity Income Fund, Inc.","7.33","$438.2M","n/a","n/a","n/a","https://www.nasdaq.com/symbol/aef",
"AGD","Aberdeen Global Dynamic Dividend Fund","9.7","$121.73M","2006","n/a","n/a","https://www.nasdaq.com/symbol/agd",
"FCO","Aberdeen Global Income Fund, Inc.","8.04","$70.15M","1992","n/a","n/a","https://www.nasdaq.com/symbol/fco",
"AWP","Aberdeen Global Premier Properties Fund","5.72","$488.53M","2007","n/a","n/a","https://www.nasdaq.com/symbol/awp",
"ACP","Aberdeen Income Credit Strategies Fund","11.79","$154.14M","2011","n/a","n/a","https://www.nasdaq.com/symbol/acp",
"JEQ","Aberdeen Japan Equity Fund, Inc. ","7.06","$94.53M","1992","n/a","n/a","https://www.nasdaq.com/symbol/jeq",
"AOD","Aberdeen Total Dynamic Dividend Fund","8.34","$897.33M","2007","n/a","n/a","https://www.nasdaq.com/symbol/aod",
"ABIL","Ability Inc.","1.87","$6.85M","2014","Consumer Durables","Telecommunications Equipment","https://www.nasdaq.com/symbol/abil",
"ABMD","ABIOMED, Inc.","352.89","$15.91B","n/a","Health Care","Medical/Dental Instruments","https://www.nasdaq.com/symbol/abmd",
"ABM","ABM Industries Incorporated","36.55","$2.42B","n/a","Finance","Diversified Commercial Services","https://www.nasdaq.com/symbol/abm",
"AXAS","Abraxas Petroleum Corporation","1.32","$219.92M","n/a","Energy","Oil & Gas Production","https://www.nasdaq.com/symbol/axas",
"ACIU","AC Immune SA","4.51","$303.81M","2016","Health Care","Major Pharmaceuticals","https://www.nasdaq.com/symbol/aciu",
"ACIA","Acacia Communications, Inc.","56.46","$2.27B","2016","Technology","Semiconductors","https://www.nasdaq.com/symbol/acia",
"ACTG","Acacia Research Corporation","3.16","$156.86M","n/a","Miscellaneous","Multi-Sector Companies","https://www.nasdaq.com/symbol/actg",
"ACHC","Acadia Healthcare Company, Inc.","27.85","$2.46B","n/a","Health Care","Medical Specialities","https://www.nasdaq.com/symbol/achc",
"ACAD","ACADIA Pharmaceuticals Inc.","23.75","$2.97B","1985","Health Care","Major Pharmaceuticals","https://www.nasdaq.com/symbol/acad",
"AKR","Acadia Realty Trust","28.73","$2.35B","n/a","Consumer Services","Real Estate Investment Trusts","https://www.nasdaq.com/symbol/akr",
"ACAMU","Acamar Partners Acquisition Corp.","10","n/a","2019","Finance","Business Services","https://www.nasdaq.com/symbol/acamu",
"ACST","Acasti Pharma, Inc.","1.08","$84.38M","n/a","Health Care","Major Pharmaceuticals","https://www.nasdaq.com/symbol/acst",
"AXDX","Accelerate Diagnostics, Inc.","20.78","$1.13B","n/a","Capital Goods","Biotechnology: Laboratory Analytical Instruments","https://www.nasdaq.com/symbol/axdx",
"XLRN","Acceleron Pharma Inc.","42.29","$1.95B","2013","Health Care","Biotechnology: Biological Products (No Diagnostic Substances)","https://www.nasdaq.com/symbol/xlrn",
"ACN","Accenture plc","161.67","$103.27B","2001","Miscellaneous","Business Services","https://www.nasdaq.com/symbol/acn",
"ACCO","Acco Brands Corporation","9.29","$954.45M","n/a","Consumer Durables","Publishing","https://www.nasdaq.com/symbol/acco",
"ARAY","Accuray Incorporated","5.19","$456.09M","2007","Health Care","Medical/Dental Instruments","https://www.nasdaq.com/symbol/aray",
"ACRX","AcelRx Pharmaceuticals, Inc.","3.14","$194.39M","2011","Health Care","Major Pharmaceuticals","https://www.nasdaq.com/symbol/acrx",
"ACER","Acer Therapeutics Inc.","23.5","$236.25M","n/a","Health Care","Major Pharmaceuticals","https://www.nasdaq.com/symbol/acer",
"ACET","Aceto Corporation","0.2399","$7.4M","n/a","Health Care","Other Pharmaceuticals","https://www.nasdaq.com/symbol/acet",
"AKAO","Achaogen, Inc.","0.8081","$38.96M","2014","Health Care","Major Pharmaceuticals","https://www.nasdaq.com/symbol/akao",
"ACHV","Achieve Life Sciences, Inc. ","2.65","$17.81M","n/a","Health Care","Biotechnology: In Vitro & In Vivo Diagnostic Substances","https://www.nasdaq.com/symbol/achv",
"ACHN","Achillion Pharmaceuticals, Inc.","2.62","$363.17M","2006","Health Care","Major Pharmaceuticals","https://www.nasdaq.com/symbol/achn",
"ACIW","ACI Worldwide, Inc.","31.43","$3.65B","n/a","Technology","Computer Software: Prepackaged Software","https://www.nasdaq.com/symbol/aciw",
"ACRS","Aclaris Therapeutics, Inc.","6.57","$268.95M","2015","Health Care","Major Pharmaceuticals","https://www.nasdaq.com/symbol/acrs",
"ACMR","ACM Research, Inc.","11.75","$188.04M","2017","Technology","Industrial Machinery/Components","https://www.nasdaq.com/symbol/acmr",
"ACU","Acme United Corporation.","16.4","$55.25M","1988","Capital Goods","Industrial Machinery/Components","https://www.nasdaq.com/symbol/acu",
"ACNB","ACNB Corporation","39.11","$275.57M","n/a","Finance","Major Banks","https://www.nasdaq.com/symbol/acnb",
"ACOR","Acorda Therapeutics, Inc.","13.42","$638.23M","2006","Health Care","Biotechnology: Biological Products (No Diagnostic Substances)","https://www.nasdaq.com/symbol/acor",
"ATV","Acorn International, Inc.","28.9719","$77.65M","2007","Consumer Services","Other Specialty Stores","https://www.nasdaq.com/symbol/atv",
"ATNM","Actinium Pharmaceuticals, Inc.","0.62","$71.74M","n/a","Health Care","Major Pharmaceuticals","https://www.nasdaq.com/symbol/atnm",
"ATVI","Activision Blizzard, Inc","41.96","$32.02B","n/a","Technology","Computer Software: Prepackaged Software","https://www.nasdaq.com/symbol/atvi",
"ATU","Actuant Corporation","24.8","$1.52B","n/a","Technology","Industrial Machinery/Components","https://www.nasdaq.com/symbol/atu",
"AYI","Acuity Brands, Inc. ","131.63","$5.25B","n/a","Consumer Durables","Building Products","https://www.nasdaq.com/symbol/ayi",
"GOLF","Acushnet Holdings Corp.","24.73","$1.85B","2016","Consumer Non-Durables","Recreational Products/Toys","https://www.nasdaq.com/symbol/golf",
"ADMS","Adamas Pharmaceuticals, Inc.","11.26","$307.8M","2014","Health Care","Major Pharmaceuticals","https://www.nasdaq.com/symbol/adms",
"ADMP","Adamis Pharmaceuticals Corporation","3.17","$149.91M","n/a","Health Care","Major Pharmaceuticals","https://www.nasdaq.com/symbol/admp",
"ADX","Adams Diversified Equity Fund, Inc.","14.18","$1.43B","n/a","n/a","n/a","https://www.nasdaq.com/symbol/adx",
"PEO","Adams Natural Resources Fund, Inc.","16.63","$482.2M","n/a","n/a","n/a","https://www.nasdaq.com/symbol/peo",
"AE","Adams Resources & Energy, Inc.","40.62","$171.32M","n/a","Energy","Oil Refining/Marketing","https://www.nasdaq.com/symbol/ae",
"ADAP","Adaptimmune Therapeutics plc","4.81","$502.98M","2015","Health Care","Biotechnology: Biological Products (No Diagnostic Substances)","https://www.nasdaq.com/symbol/adap",
"ADUS","Addus HomeCare Corporation","69.27","$907.32M","2009","Health Care","Medical/Nursing Services","https://www.nasdaq.com/symbol/adus",
"AEY","ADDvantage Technologies Group, Inc.","1.3685","$14.18M","n/a","Consumer Services","Office Equipment/Supplies/Services","https://www.nasdaq.com/symbol/aey",
"AGRO","Adecoagro S.A.","7.22","$841.53M","2011","Consumer Non-Durables","Farming/Seeds/Milling","https://www.nasdaq.com/symbol/agro",
"IOTS","Adesto Technologies Corporation","6.11","$179.84M","2015","Technology","Semiconductors","https://www.nasdaq.com/symbol/iots",
"ADIL","Adial Pharmaceuticals, Inc","3.97","$28.7M","2018","Health Care","Major Pharmaceuticals","https://www.nasdaq.com/symbol/adil",
"ADILW","Adial Pharmaceuticals, Inc","0.42","n/a","2018","Health Care","Major Pharmaceuticals","https://www.nasdaq.com/symbol/adilw",
"ADNT","Adient plc","21.2","$1.98B","2016","Capital Goods","Auto Parts:O.E.M.","https://www.nasdaq.com/symbol/adnt",
"ADMA","ADMA Biologics Inc","4.25","$196.99M","n/a","Health Care","Biotechnology: Biological Products (No Diagnostic Substances)","https://www.nasdaq.com/symbol/adma",
"ADBE","Adobe Inc.","258.62","$126.14B","1986","Technology","Computer Software: Prepackaged Software","https://www.nasdaq.com/symbol/adbe",
"ADOM","ADOMANI, Inc.","0.4195","$30.51M","2017","Capital Goods","Auto Parts:O.E.M.","https://www.nasdaq.com/symbol/adom",
"ADT","ADT Inc.","8.19","$6.28B","2018","Consumer Services","Diversified Commercial Services","https://www.nasdaq.com/symbol/adt",
"ATGE","Adtalem Global Education Inc.","48.96","$2.83B","n/a","Consumer Services","Other Consumer Services","https://www.nasdaq.com/symbol/atge",
"ADTN","ADTRAN, Inc.","15.1","$719.52M","1994","Public Utilities","Telecommunications Equipment","https://www.nasdaq.com/symbol/adtn",
"ADRO","Aduro Biotech, Inc.","4.2","$333.5M","2015","Health Care","Major Pharmaceuticals","https://www.nasdaq.com/symbol/adro",
"AAP","Advance Auto Parts Inc","157.71","$11.3B","n/a","Consumer Services","Other Specialty Stores","https://www.nasdaq.com/symbol/aap",
"ADSW","Advanced Disposal Services, Inc.","26.69","$2.37B","2016","Public Utilities","Environmental Services","https://www.nasdaq.com/symbol/adsw",
"WMS","Advanced Drainage Systems, Inc.","25.76","$1.48B","2014","Capital Goods","Containers/Packaging","https://www.nasdaq.com/symbol/wms",
"ADES","Advanced Emissions Solutions, Inc.","11.97","$238.39M","n/a","Basic Industries","Major Chemicals","https://www.nasdaq.com/symbol/ades",
"AEIS","Advanced Energy Industries, Inc.","51.92","$1.98B","1995","Capital Goods","Industrial Machinery/Components","https://www.nasdaq.com/symbol/aeis",
"AMD","Advanced Micro Devices, Inc.","24.71","$26.69B","n/a","Technology","Semiconductors","https://www.nasdaq.com/symbol/amd",
"ASIX","AdvanSix Inc.","34.35","$1.02B","2016","Basic Industries","Major Chemicals","https://www.nasdaq.com/symbol/asix",
"ADXS","Advaxis, Inc.","0.3798","$26.47M","n/a","Health Care","Major Pharmaceuticals","https://www.nasdaq.com/symbol/adxs",
"AVK","Advent Claymore Convertible Securities and Income Fund","14.53","$501.65M","2003","n/a","n/a","https://www.nasdaq.com/symbol/avk",
"ADVM","Adverum Biotechnologies, Inc.","4.3","$270.33M","2014","Health Care","Biotechnology: Biological Products (No Diagnostic Substances)","https://www.nasdaq.com/symbol/advm",
"DWMC","AdvisorShares Dorsey Wright Micro-Cap ETF","22.25","$1.67M","n/a","n/a","n/a","https://www.nasdaq.com/symbol/dwmc",
"DWSH","AdvisorShares Dorsey Wright Short ETF","23.9672","$14.38M","n/a","n/a","n/a","https://www.nasdaq.com/symbol/dwsh",
"BKCH","AdvisorShares Sabretooth ETF","26.12","$2.61M","n/a","n/a","n/a","https://www.nasdaq.com/symbol/bkch",
"ACT","AdvisorShares Vice ETF","25.07","$13.79M","n/a","n/a","n/a","https://www.nasdaq.com/symbol/act",
"ACM","AECOM","31.22","$4.87B","2007","Consumer Services","Military/Government/Technical","https://www.nasdaq.com/symbol/acm",
"AEGN","Aegion Corp","20.73","$669.87M","n/a","Basic Industries","Water Supply","https://www.nasdaq.com/symbol/aegn",
"AGLE","Aeglea BioTherapeutics, Inc.","8.53","$204.4M","2016","Health Care","Major Pharmaceuticals","https://www.nasdaq.com/symbol/agle",
"AEB","Aegon NV","21.85","n/a","n/a","Finance","Life Insurance","https://www.nasdaq.com/symbol/aeb",
"AED","Aegon NV","26.01","n/a","n/a","Finance","Life Insurance","https://www.nasdaq.com/symbol/aed",
"AEG","Aegon NV","5.29","$10.69B","n/a","Finance","Life Insurance","https://www.nasdaq.com/symbol/aeg",
"AEH","Aegon NV","25.87","n/a","n/a","Finance","Life Insurance","https://www.nasdaq.com/symbol/aeh",
"AEHR","Aehr Test Systems","1.44","$32.19M","1997","Capital Goods","Electrical Products","https://www.nasdaq.com/symbol/aehr",
"AMTX","Aemetis, Inc","0.8841","$17.99M","n/a","Basic Industries","Major Chemicals","https://www.nasdaq.com/symbol/amtx",
"AER","Aercap Holdings N.V.","46.44","$6.82B","2006","Technology","Diversified Commercial Services","https://www.nasdaq.com/symbol/aer",
"AERI","Aerie Pharmaceuticals, Inc.","40.18","$1.83B","2013","Health Care","Biotechnology: Biological Products (No Diagnostic Substances)","https://www.nasdaq.com/symbol/aeri",
"ACY","AeroCentury Corp.","11.7","$18.09M","n/a","Technology","Diversified Commercial Services","https://www.nasdaq.com/symbol/acy",
"HIVE","Aerohive Networks, Inc.","4.94","$274.44M","2014","Technology","EDP Services","https://www.nasdaq.com/symbol/hive",
"AJRD","Aerojet Rocketdyne Holdings, Inc. ","38.53","$3.02B","n/a","Capital Goods","Military/Government/Technical","https://www.nasdaq.com/symbol/ajrd",
"AVAV","AeroVironment, Inc.","81.4","$1.95B","2007","Capital Goods","Aerospace","https://www.nasdaq.com/symbol/avav",
"ARPO","Aerpio Pharmaceuticals, Inc.","2.92","$118.52M","n/a","Health Care","Major Pharmaceuticals","https://www.nasdaq.com/symbol/arpo",
"AEZS","AEterna Zentaris Inc.","4.18","$68.72M","n/a","Health Care","Major Pharmaceuticals","https://www.nasdaq.com/symbol/aezs",
"AEMD","Aethlon Medical, Inc.","1.01","$19.15M","n/a","Capital Goods","Biotechnology: Laboratory Analytical Instruments","https://www.nasdaq.com/symbol/aemd",
"GNMX","Aevi Genomic Medicine, Inc.","0.212","$13.73M","n/a","Health Care","Biotechnology: Biological Products (No Diagnostic Substances)","https://www.nasdaq.com/symbol/gnmx",
"AMG","Affiliated Managers Group, Inc.","110.34","$5.81B","n/a","Finance","Investment Managers","https://www.nasdaq.com/symbol/amg",
"AFMD","Affimed N.V.","3.45","$215.38M","2014","Health Care","Major Pharmaceuticals","https://www.nasdaq.com/symbol/afmd",
"AFL","Aflac Incorporated","48.96","$36.98B","n/a","Finance","Accident &Health Insurance","https://www.nasdaq.com/symbol/afl",
"MITT","AG Mortgage Investment Trust, Inc.","17.69","$569.5M","2011","n/a","n/a","https://www.nasdaq.com/symbol/mitt",
"MITT^A","AG Mortgage Investment Trust, Inc.","25.445","n/a","n/a","n/a","n/a","https://www.nasdaq.com/symbol/mitt^a",
"MITT^B","AG Mortgage Investment Trust, Inc.","25.8","n/a","n/a","n/a","n/a","https://www.nasdaq.com/symbol/mitt^b",
"AGCO","AGCO Corporation","68.18","$5.34B","n/a","Capital Goods","Industrial Machinery/Components","https://www.nasdaq.com/symbol/agco",
"UAVS","AgEagle Aerial Systems, Inc.","0.4679","$5.43M","n/a","Capital Goods","Aerospace","https://www.nasdaq.com/symbol/uavs",
"AGEN","Agenus Inc.","2.98","$390.7M","2000","Health Care","Biotechnology: Biological Products (No Diagnostic Substances)","https://www.nasdaq.com/symbol/agen",
"AGE","AgeX Therapeutics, Inc.","4.85","$173.63M","2018","Health Care","Major Pharmaceuticals","https://www.nasdaq.com/symbol/age",
"AGRX","Agile Therapeutics, Inc.","0.9339","$32.1M","2014","Health Care","Major Pharmaceuticals","https://www.nasdaq.com/symbol/agrx",
"A","Agilent Technologies, Inc.","79.34","$25.2B","1999","Capital Goods","Biotechnology: Laboratory Analytical Instruments","https://www.nasdaq.com/symbol/a",
"AGYS","Agilysys, Inc.","20.68","$486.71M","n/a","Technology","EDP Services","https://www.nasdaq.com/symbol/agys",
"AGIO","Agios Pharmaceuticals, Inc.","62.35","$3.64B","2013","Health Care","Major Pharmaceuticals","https://www.nasdaq.com/symbol/agio",
"AGMH","AGM Group Holdings Inc.","26.2","$870.26M","2018","Technology","EDP Services","https://www.nasdaq.com/symbol/agmh",
"AGNC","AGNC Investment Corp.","17.74","$9.51B","2008","Consumer Services","Real Estate Investment Trusts","https://www.nasdaq.com/symbol/agnc",
"AGNCB","AGNC Investment Corp.","25.64","$8.88B","n/a","Consumer Services","Real Estate Investment Trusts","https://www.nasdaq.com/symbol/agncb",
"AGNCN","AGNC Investment Corp.","25.8","n/a","n/a","Consumer Services","Real Estate Investment Trusts","https://www.nasdaq.com/symbol/agncn",
"AEM","Agnico Eagle Mines Limited","43.23","$10.15B","n/a","Basic Industries","Precious Metals","https://www.nasdaq.com/symbol/aem",
"ADC","Agree Realty Corporation","65.99","$2.48B","n/a","Consumer Services","Real Estate Investment Trusts","https://www.nasdaq.com/symbol/adc",
"AGFS","AgroFresh Solutions, Inc.","4.09","$206.3M","2014","Finance","Business Services","https://www.nasdaq.com/symbol/agfs",
"AGFSW","AgroFresh Solutions, Inc.","0.08","n/a","2014","Finance","Business Services","https://www.nasdaq.com/symbol/agfsw",
"ALRN","Aileron Therapeutics, Inc.","1.45","$21.39M","2017","Health Care","Major Pharmaceuticals","https://www.nasdaq.com/symbol/alrn",
"AIMT","Aimmune Therapeutics, Inc.","24.26","$1.5B","2015","Health Care","Major Pharmaceuticals","https://www.nasdaq.com/symbol/aimt",
"AIRI","Air Industries Group","1.3","$36.07M","n/a","Capital Goods","Military/Government/Technical","https://www.nasdaq.com/symbol/airi",
"AL","Air Lease Corporation","38.55","$4.28B","2011","Technology","Diversified Commercial Services","https://www.nasdaq.com/symbol/al",
"APD","Air Products and Chemicals, Inc.","181.17","$39.79B","n/a","Basic Industries","Major Chemicals","https://www.nasdaq.com/symbol/apd",
"AIRT","Air T, Inc.","31","$62.75M","n/a","Transportation","Air Freight/Delivery Services","https://www.nasdaq.com/symbol/airt",
"ATSG","Air Transport Services Group, Inc","24.94","$1.47B","n/a","Transportation","Air Freight/Delivery Services","https://www.nasdaq.com/symbol/atsg",
"AYR","Aircastle Limited","20.34","$1.53B","2006","Technology","Diversified Commercial Services","https://www.nasdaq.com/symbol/ayr",
"AIRG","Airgain, Inc.","12.27","$117.81M","2016","Technology","Radio And Television Broadcasting And Communications Equipment","https://www.nasdaq.com/symbol/airg",
"AMCN","AirMedia Group Inc","0.428","$26.88M","2007","Technology","Advertising","https://www.nasdaq.com/symbol/amcn",
"AKS","AK Steel Holding Corporation","3.15","$996.37M","n/a","Basic Industries","Steel/Iron Ore","https://www.nasdaq.com/symbol/aks",
"AKAM","Akamai Technologies, Inc.","69.54","$11.33B","1999","Miscellaneous","Business Services","https://www.nasdaq.com/symbol/akam",
"AKTX","Akari Therapeutics Plc","1.8209","$28.78M","n/a","Health Care","Major Pharmaceuticals","https://www.nasdaq.com/symbol/aktx",
"AKCA","Akcea Therapeutics, Inc.","31.91","$2.85B","2017","Health Care","Major Pharmaceuticals","https://www.nasdaq.com/symbol/akca",
"AKBA","Akebia Therapeutics, Inc.","7.46","$871.98M","2014","Health Care","Major Pharmaceuticals","https://www.nasdaq.com/symbol/akba",
"AKER","Akers Biosciences Inc.","0.9798","$12.23M","2014","Health Care","Biotechnology: In Vitro & In Vivo Diagnostic Substances","https://www.nasdaq.com/symbol/aker",
"AKRX","Akorn, Inc.","4.02","$504.48M","n/a","Health Care","Major Pharmaceuticals","https://www.nasdaq.com/symbol/akrx",
"AKTS","Akoustis Technologies, Inc.","7.03","$210.29M","n/a","Public Utilities","Telecommunications Equipment","https://www.nasdaq.com/symbol/akts",
"ALP^Q","Alabama Power Company","25.23","n/a","n/a","n/a","n/a","https://www.nasdaq.com/symbol/alp^q",
"ALG","Alamo Group, Inc.","94.19","$1.11B","n/a","Capital Goods","Industrial Machinery/Components","https://www.nasdaq.com/symbol/alg",
"AGI","Alamos Gold Inc.","4.87","$1.91B","2015","Basic Industries","Precious Metals","https://www.nasdaq.com/symbol/agi",
"ALRM","Alarm.com Holdings, Inc.","64.72","$3.11B","2015","Technology","Computer Software: Prepackaged Software","https://www.nasdaq.com/symbol/alrm",
"ALK","Alaska Air Group, Inc.","62.75","$7.73B","n/a","Transportation","Air Freight/Delivery Services","https://www.nasdaq.com/symbol/alk",
"ALSK","Alaska Communications Systems Group, Inc.","1.84","$97.86M","1999","Public Utilities","Telecommunications Equipment","https://www.nasdaq.com/symbol/alsk",
"AIN","Albany International Corporation","78.37","$2.53B","n/a","Basic Industries","Textiles","https://www.nasdaq.com/symbol/ain",
"ALB","Albemarle Corporation","91.57","$9.73B","n/a","Basic Industries","Major Chemicals","https://www.nasdaq.com/symbol/alb",
"ALAC","Alberton Acquisition Corporation","9.93","$145.87M","2018","Finance","Business Services","https://www.nasdaq.com/symbol/alac",
"ALACR","Alberton Acquisition Corporation","0.19","n/a","2018","Finance","Business Services","https://www.nasdaq.com/symbol/alacr",
"ALACU","Alberton Acquisition Corporation","10.19","n/a","2018","Finance","Business Services","https://www.nasdaq.com/symbol/alacu",
"ALACW","Alberton Acquisition Corporation","0.09","n/a","2018","Finance","Business Services","https://www.nasdaq.com/symbol/alacw",
"ALBO","Albireo Pharma, Inc.","26.08","$312.18M","n/a","Health Care","Major Pharmaceuticals","https://www.nasdaq.com/symbol/albo",
"ABDC","Alcentra Capital Corp.","7.01","$94.76M","n/a","n/a","n/a","https://www.nasdaq.com/symbol/abdc",
"AA","Alcoa Corporation","30.78","$5.69B","2016","Basic Industries","Aluminum","https://www.nasdaq.com/symbol/aa",
"ALDR","Alder BioPharmaceuticals, Inc.","14.71","$1.01B","2014","Health Care","Major Pharmaceuticals","https://www.nasdaq.com/symbol/aldr",
"ALDX","Aldeyra Therapeutics, Inc.","7.64","$209.3M","2014","Health Care","Major Pharmaceuticals","https://www.nasdaq.com/symbol/aldx",
"ALEC","Alector, Inc.","21.53","$1.47B","2019","Health Care","Biotechnology: Biological Products (No Diagnostic Substances)","https://www.nasdaq.com/symbol/alec",
"ALEX","Alexander & Baldwin, Inc.","24.9","$1.79B","n/a","Consumer Services","Real Estate Investment Trusts","https://www.nasdaq.com/symbol/alex",
"ALX","Alexander&#39;s, Inc.","376.01","$1.92B","n/a","Consumer Services","Real Estate Investment Trusts","https://www.nasdaq.com/symbol/alx",
"ARE","Alexandria Real Estate Equities, Inc.","136.02","$15.33B","n/a","Consumer Services","Real Estate Investment Trusts","https://www.nasdaq.com/symbol/are",
"ARE^D","Alexandria Real Estate Equities, Inc.","37.67","n/a","n/a","n/a","n/a","https://www.nasdaq.com/symbol/are^d",
"AXU","Alexco Resource Corp","1.34","$144.95M","n/a","Basic Industries","Precious Metals","https://www.nasdaq.com/symbol/axu",
"ALXN","Alexion Pharmaceuticals, Inc.","133.17","$29.76B","1996","Health Care","Major Pharmaceuticals","https://www.nasdaq.com/symbol/alxn",
"AQN","Algonquin Power & Utilities Corp.","10.97","$5.36B","2016","Public Utilities","Electric Utilities: Central","https://www.nasdaq.com/symbol/aqn",
"AQNA","Algonquin Power & Utilities Corp.","26.07","n/a","2018","Public Utilities","Electric Utilities: Central","https://www.nasdaq.com/symbol/aqna",
"BABA","Alibaba Group Holding Limited","183.25","$475.02B","2014","Miscellaneous","Business Services","https://www.nasdaq.com/symbol/baba",
"ALCO","Alico, Inc.","30.48","$227.47M","n/a","Consumer Non-Durables","Farming/Seeds/Milling","https://www.nasdaq.com/symbol/alco",
"ALGN","Align Technology, Inc.","262.35","$20.98B","2001","Health Care","Industrial Specialties","https://www.nasdaq.com/symbol/algn",
"ALIM","Alimera Sciences, Inc.","1.1","$77.09M","2010","Health Care","Major Pharmaceuticals","https://www.nasdaq.com/symbol/alim",
"ALO","Alio Gold Inc.","0.9443","$79.99M","2011","Basic Industries","Precious Metals","https://www.nasdaq.com/symbol/alo",
"ALYA","Alithya Group inc.","2.87","$138.92M","n/a","Technology","Computer Software: Programming, Data Processing","https://www.nasdaq.com/symbol/alya",
"ALJJ","ALJ Regional Holdings, Inc.","1.95","$74.15M","n/a","Miscellaneous","Business Services","https://www.nasdaq.com/symbol/aljj",
"ALKS","Alkermes plc","34.26","$5.35B","1991","Health Care","Major Pharmaceuticals","https://www.nasdaq.com/symbol/alks",
"ALLK","Allakos Inc.","39.72","$1.67B","2018","Health Care","Major Pharmaceuticals","https://www.nasdaq.com/symbol/allk",
"Y","Alleghany Corporation","633.89","$9.17B","n/a","Finance","Property-Casualty Insurers","https://www.nasdaq.com/symbol/y",
"ATI","Allegheny Technologies Incorporated","29.26","$3.68B","n/a","Basic Industries","Steel/Iron Ore","https://www.nasdaq.com/symbol/ati",
"ABTX","Allegiance Bancshares, Inc.","37.95","$828.34M","2015","Finance","Major Banks","https://www.nasdaq.com/symbol/abtx",
"ALGT","Allegiant Travel Company","140.91","$2.28B","2006","Transportation","Air Freight/Delivery Services","https://www.nasdaq.com/symbol/algt",
"ALLE","Allegion plc","88.7","$8.38B","2013","Consumer Services","Diversified Commercial Services","https://www.nasdaq.com/symbol/alle",
"ALGR","Allegro Merger Corp.","9.87","$188.12M","2018","Finance","Business Services","https://www.nasdaq.com/symbol/algr",
"ALGRR","Allegro Merger Corp.","0.3","n/a","2018","Finance","Business Services","https://www.nasdaq.com/symbol/algrr",
"ALGRU","Allegro Merger Corp.","10.44","n/a","2018","Finance","Business Services","https://www.nasdaq.com/symbol/algru",
"ALGRW","Allegro Merger Corp.","0.28","n/a","2018","Finance","Business Services","https://www.nasdaq.com/symbol/algrw",
"ALNA","Allena Pharmaceuticals, Inc.","6.6","$137.02M","2017","Health Care","Biotechnology: Biological Products (No Diagnostic Substances)","https://www.nasdaq.com/symbol/alna",
"AGN","Allergan plc.","136.2","$45.3B","2013","Health Care","Major Pharmaceuticals","https://www.nasdaq.com/symbol/agn",
"ALE","Allete, Inc.","81.58","$4.2B","n/a","Public Utilities","Power Generation","https://www.nasdaq.com/symbol/ale",
"AKP","Alliance California Municipal Income Fund Inc","14.51","$124.13M","2002","n/a","n/a","https://www.nasdaq.com/symbol/akp",
"ADS","Alliance Data Systems Corporation","174.29","$9.49B","2001","Miscellaneous","Business Services","https://www.nasdaq.com/symbol/ads",
"AFB","Alliance National Municipal Income Fund Inc","12.79","$367.65M","2002","n/a","n/a","https://www.nasdaq.com/symbol/afb",
"ARLP","Alliance Resource Partners, L.P.","19.03","$2.44B","1999","Energy","Coal Mining","https://www.nasdaq.com/symbol/arlp",
"AWF","Alliance World Dollar Government Fund II","11.59","$999.4M","1993","n/a","n/a","https://www.nasdaq.com/symbol/awf",
"AB","AllianceBernstein Holding L.P.","29.27","$2.83B","n/a","Finance","Investment Managers","https://www.nasdaq.com/symbol/ab",
"LNT","Alliant Energy Corporation","45.34","$10.7B","n/a","Public Utilities","Power Generation","https://www.nasdaq.com/symbol/lnt",
"CBH","AllianzGI Convertible & Income 2024 Target Term Fund","9","$164.31M","2017","n/a","n/a","https://www.nasdaq.com/symbol/cbh",
"NCV","AllianzGI Convertible & Income Fund","6.34","$568.15M","2003","n/a","n/a","https://www.nasdaq.com/symbol/ncv",
"NCV^A","AllianzGI Convertible & Income Fund","24.6404","n/a","n/a","n/a","n/a","https://www.nasdaq.com/symbol/ncv^a",
"NCZ","AllianzGI Convertible & Income Fund II","5.5","$415.71M","2003","n/a","n/a","https://www.nasdaq.com/symbol/ncz",
"NCZ^A","AllianzGI Convertible & Income Fund II","24.09","n/a","n/a","n/a","n/a","https://www.nasdaq.com/symbol/ncz^a",
"ACV","AllianzGI Diversified Income & Convertible Fund","22.16","$228.5M","2015","n/a","n/a","https://www.nasdaq.com/symbol/acv",
"NIE","AllianzGI Equity & Convertible Income Fund","21.22","$587.98M","2007","n/a","n/a","https://www.nasdaq.com/symbol/nie",
"NFJ","AllianzGI NFJ Dividend, Interest & Premium Strategy Fund","12.25","$1.16B","2005","Finance","Finance: Consumer Services","https://www.nasdaq.com/symbol/nfj",
"AHPI","Allied Healthcare Products, Inc.","1.894","$7.6M","1992","Health Care","Industrial Specialties","https://www.nasdaq.com/symbol/ahpi",
"AMOT","Allied Motion Technologies, Inc.","41.38","$392.13M","n/a","Capital Goods","Electrical Products","https://www.nasdaq.com/symbol/amot",
"ALQA","Alliqua BioMedical, Inc.","2.3","$11.51M","n/a","Health Care","Medical/Dental Instruments","https://www.nasdaq.com/symbol/alqa",
"ALSN","Allison Transmission Holdings, Inc.","50.39","$6.53B","2012","Capital Goods","Auto Parts:O.E.M.","https://www.nasdaq.com/symbol/alsn",
"ALLO","Allogene Therapeutics, Inc.","31.73","$3.85B","2018","Health Care","Biotechnology: Biological Products (No Diagnostic Substances)","https://www.nasdaq.com/symbol/allo",
"ALLT","Allot Ltd.","7.35","$249.14M","2006","Technology","Computer Communications Equipment","https://www.nasdaq.com/symbol/allt",
"MDRX","Allscripts Healthcare Solutions, Inc.","10.9","$1.9B","n/a","Technology","EDP Services","https://www.nasdaq.com/symbol/mdrx",
"ALL","Allstate Corporation (The)","94.9","$31.5B","n/a","Finance","Property-Casualty Insurers","https://www.nasdaq.com/symbol/all",
"ALL^A","Allstate Corporation (The)","25.47","n/a","n/a","n/a","n/a","https://www.nasdaq.com/symbol/all^a",
"ALL^B","Allstate Corporation (The)","25.15","n/a","n/a","n/a","n/a","https://www.nasdaq.com/symbol/all^b",
"ALL^D","Allstate Corporation (The)","25.47","n/a","n/a","n/a","n/a","https://www.nasdaq.com/symbol/all^d",
"ALL^E","Allstate Corporation (The)","25.3","n/a","n/a","n/a","n/a","https://www.nasdaq.com/symbol/all^e",
"ALL^F","Allstate Corporation (The)","25.86","n/a","n/a","n/a","n/a","https://www.nasdaq.com/symbol/all^f",
"ALL^G","Allstate Corporation (The)","24.98","n/a","n/a","n/a","n/a","https://www.nasdaq.com/symbol/all^g",
"ALLY","Ally Financial Inc.","26.44","$10.65B","2014","Finance","Major Banks","https://www.nasdaq.com/symbol/ally",
"ALLY^A","Ally Financial Inc.","25.945","n/a","n/a","n/a","n/a","https://www.nasdaq.com/symbol/ally^a",
"AAU","Almaden Minerals, Ltd.","0.6711","$74.98M","2015","Basic Industries","Precious Metals","https://www.nasdaq.com/symbol/aau",
"ALNY","Alnylam Pharmaceuticals, Inc.","81.62","$8.67B","2004","Health Care","Major Pharmaceuticals","https://www.nasdaq.com/symbol/alny",
"AOSL","Alpha and Omega Semiconductor Limited","11.56","$276.75M","2010","Technology","Semiconductors","https://www.nasdaq.com/symbol/aosl",
"APT","Alpha Pro Tech, Ltd.","3.82","$52.06M","n/a","Health Care","Industrial Specialties","https://www.nasdaq.com/symbol/apt",
"GOOG","Alphabet Inc.","1109.4","$771.24B","2004","Technology","Computer Software: Programming, Data Processing","https://www.nasdaq.com/symbol/goog",
"GOOGL","Alphabet Inc.","1117.33","$776.75B","n/a","Technology","Computer Software: Programming, Data Processing","https://www.nasdaq.com/symbol/googl",
"SMCP","AlphaMark Actively Managed Small Cap ETF","24.1183","$24.12M","n/a","n/a","n/a","https://www.nasdaq.com/symbol/smcp",
"ATEC","Alphatec Holdings, Inc.","1.59","$68.71M","2006","Health Care","Medical/Dental Instruments","https://www.nasdaq.com/symbol/atec",
"ALPN","Alpine Immune Sciences, Inc.","6.55","$121.57M","2015","Health Care","Major Pharmaceuticals","https://www.nasdaq.com/symbol/alpn",
"AMR","Alta Mesa Resources, Inc.","0.9127","$347.63M","2017","Energy","Oil & Gas Production","https://www.nasdaq.com/symbol/amr",
"AMRWW","Alta Mesa Resources, Inc.","0.107","n/a","2017","Energy","Oil & Gas Production","https://www.nasdaq.com/symbol/amrww",
"AABA","Altaba Inc.","74.03","$44.61B","n/a","Technology","EDP Services","https://www.nasdaq.com/symbol/aaba",
"ALTR","Altair Engineering Inc.","32.79","$2.31B","2017","Technology","Computer Software: Prepackaged Software","https://www.nasdaq.com/symbol/altr",
"AYX","Alteryx, Inc.","74.12","$4.55B","2017","Technology","Computer Software: Prepackaged Software","https://www.nasdaq.com/symbol/ayx",
"ATUS","Altice USA, Inc.","21.17","$15.14B","2017","Consumer Services","Television Services","https://www.nasdaq.com/symbol/atus",
"ALT","Altimmune, Inc.","2.77","$24.25M","n/a","Health Care","Major Pharmaceuticals","https://www.nasdaq.com/symbol/alt",
"AAMC","Altisource Asset Management Corp","39","$63.69M","n/a","Finance","Real Estate","https://www.nasdaq.com/symbol/aamc",
"ASPS","Altisource Portfolio Solutions S.A.","24.73","$412.35M","n/a","Consumer Services","Other Consumer Services","https://www.nasdaq.com/symbol/asps",
"AIMC","Altra Industrial Motion Corp.","33.43","$2.15B","2006","Capital Goods","Industrial Machinery/Components","https://www.nasdaq.com/symbol/aimc",
"MO","Altria Group","51.84","$97.15B","n/a","Consumer Non-Durables","Farming/Seeds/Milling","https://www.nasdaq.com/symbol/mo",
"ALTM","Altus Midstream Company","8.17","$2.65B","2017","Energy","Oil & Gas Production","https://www.nasdaq.com/symbol/altm",
"ACH","Aluminum Corporation of China Limited","10.2","$6.08B","2001","Basic Industries","Aluminum","https://www.nasdaq.com/symbol/ach",
"AMAG","AMAG Pharmaceuticals, Inc.","15.57","$538.83M","n/a","Health Care","Major Pharmaceuticals","https://www.nasdaq.com/symbol/amag",
"AMAL","Amalgamated Bank","18.13","$576.02M","2018","Consumer Non-Durables","Textiles","https://www.nasdaq.com/symbol/amal",
"AMRN","Amarin Corporation plc","19.59","$6.39B","n/a","Health Care","Major Pharmaceuticals","https://www.nasdaq.com/symbol/amrn",
"AMRK","A-Mark Precious Metals, Inc.","12.59","$88.53M","n/a","Basic Industries","Other Specialty Stores","https://www.nasdaq.com/symbol/amrk",
"AMZN","Amazon.com, Inc.","1633","$802.13B","1997","Consumer Services","Catalog/Specialty Distribution","https://www.nasdaq.com/symbol/amzn",
"AMBC","Ambac Financial Group, Inc.","19.71","$893.58M","n/a","Finance","Property-Casualty Insurers","https://www.nasdaq.com/symbol/ambc",
"AMBCW","Ambac Financial Group, Inc.","9.31","n/a","n/a","Finance","Property-Casualty Insurers","https://www.nasdaq.com/symbol/ambcw",
"AMBA","Ambarella, Inc.","41.38","$1.33B","2012","Technology","Semiconductors","https://www.nasdaq.com/symbol/amba",
"AMBR","Amber Road, Inc.","9.39","$261.43M","2014","Technology","Computer Software: Prepackaged Software","https://www.nasdaq.com/symbol/ambr",
"ABEV","Ambev S.A.","4.85","$76.25B","2013","Consumer Non-Durables","Beverages (Production/Distribution)","https://www.nasdaq.com/symbol/abev",
"AMBO","Ambow Education Holding Ltd.","6.4","$138.06M","n/a","Consumer Services","Other Consumer Services","https://www.nasdaq.com/symbol/ambo",
"AMC","AMC Entertainment Holdings, Inc.","13.64","$1.41B","2013","Consumer Services","Movies/Entertainment","https://www.nasdaq.com/symbol/amc",
"AMCX","AMC Networks Inc.","63.23","$3.57B","n/a","Consumer Services","Television Services","https://www.nasdaq.com/symbol/amcx",
"AMCI","AMCI Acquisition Corp.","9.85","n/a","2018","Finance","Business Services","https://www.nasdaq.com/symbol/amci",
"AMCIU","AMCI Acquisition Corp.","10.02","n/a","2018","Finance","Business Services","https://www.nasdaq.com/symbol/amciu",
"AMCIW","AMCI Acquisition Corp.","0.29","n/a","2018","Finance","Business Services","https://www.nasdaq.com/symbol/amciw",
"DIT","AMCON Distributing Company","90.36","$55.78M","n/a","Consumer Non-Durables","Food Distributors","https://www.nasdaq.com/symbol/dit",
"DOX","Amdocs Limited","56.5","$7.85B","n/a","Technology","EDP Services","https://www.nasdaq.com/symbol/dox",
"AMED","Amedisys Inc","126.89","$4.05B","n/a","Health Care","Medical/Nursing Services","https://www.nasdaq.com/symbol/amed",
"UHAL","Amerco","375","$7.35B","n/a","Consumer Services","Rental/Leasing Companies","https://www.nasdaq.com/symbol/uhal",
"AEE","Ameren Corporation","70.88","$17.33B","n/a","Public Utilities","Power Generation","https://www.nasdaq.com/symbol/aee",
"AMRC","Ameresco, Inc.","16.5","$758.61M","2010","Basic Industries","Engineering & Construction","https://www.nasdaq.com/symbol/amrc",
"AMRH","Ameri Holdings, Inc.","0.32","$12.67M","n/a","Technology","Semiconductors","https://www.nasdaq.com/symbol/amrh",
"AMRHW","Ameri Holdings, Inc.","0.0995","n/a","n/a","Technology","Semiconductors","https://www.nasdaq.com/symbol/amrhw",
"ATAX","America First Multifamily Investors, L.P.","6.69","$404.88M","n/a","Finance","Finance: Consumer Services","https://www.nasdaq.com/symbol/atax",
"AMOV","America Movil, S.A.B. de C.V.","15.01","$49.55B","n/a","Public Utilities","Telecommunications Equipment","https://www.nasdaq.com/symbol/amov",
"AMX","America Movil, S.A.B. de C.V.","14.95","$49.36B","n/a","Public Utilities","Telecommunications Equipment","https://www.nasdaq.com/symbol/amx",
"AAL","American Airlines Group, Inc.","35.9","$17.16B","n/a","Transportation","Air Freight/Delivery Services","https://www.nasdaq.com/symbol/aal",
"AAT","American Assets Trust, Inc.","43.39","$2.05B","2011","Consumer Services","Real Estate Investment Trusts","https://www.nasdaq.com/symbol/aat",
"AXL","American Axle & Manufacturing Holdings, Inc.","16.67","$1.86B","n/a","Capital Goods","Auto Parts:O.E.M.","https://www.nasdaq.com/symbol/axl",
"ACC","American Campus Communities Inc","44.84","$6.14B","2004","Consumer Services","Real Estate Investment Trusts","https://www.nasdaq.com/symbol/acc",
"AEO","American Eagle Outfitters, Inc.","19.89","$3.51B","n/a","Consumer Services","Clothing/Shoe/Accessory Stores","https://www.nasdaq.com/symbol/aeo",
"AEP","American Electric Power Company, Inc.","80.78","$39.84B","n/a","Public Utilities","Electric Utilities: Central","https://www.nasdaq.com/symbol/aep",
"AETI","American Electric Technologies, Inc.","0.8097","$7.34M","n/a","Energy","Industrial Machinery/Components","https://www.nasdaq.com/symbol/aeti",
"AEL","American Equity Investment Life Holding Company","32.39","$2.93B","2003","Finance","Life Insurance","https://www.nasdaq.com/symbol/ael",
"AXP","American Express Company","106.93","$90.18B","n/a","Finance","Finance: Consumer Services","https://www.nasdaq.com/symbol/axp",
"AFIN","American Finance Trust, Inc.","11.35","$1.21B","n/a","Consumer Services","Real Estate Investment Trusts","https://www.nasdaq.com/symbol/afin",
"AFG","American Financial Group, Inc.","99.3","$8.87B","n/a","Finance","Property-Casualty Insurers","https://www.nasdaq.com/symbol/afg",
"AFGE","American Financial Group, Inc.","25.74","n/a","2014","Finance","Property-Casualty Insurers","https://www.nasdaq.com/symbol/afge",
"AFGH","American Financial Group, Inc.","25.61","n/a","2015","Finance","Property-Casualty Insurers","https://www.nasdaq.com/symbol/afgh",
"AMH","American Homes 4 Rent","21.79","$6.46B","2013","Consumer Services","Real Estate Investment Trusts","https://www.nasdaq.com/symbol/amh",
"AMH^D","American Homes 4 Rent","25.17","n/a","n/a","n/a","n/a","https://www.nasdaq.com/symbol/amh^d",
"AMH^E","American Homes 4 Rent","25.05","n/a","n/a","n/a","n/a","https://www.nasdaq.com/symbol/amh^e",
"AMH^F","American Homes 4 Rent","23.75","n/a","n/a","n/a","n/a","https://www.nasdaq.com/symbol/amh^f",
"AMH^G","American Homes 4 Rent","24.14","n/a","n/a","n/a","n/a","https://www.nasdaq.com/symbol/amh^g",
"AMH^H","American Homes 4 Rent","24.65","n/a","n/a","n/a","n/a","https://www.nasdaq.com/symbol/amh^h",
"AIG","American International Group, Inc.","43.83","$38.11B","n/a","Finance","Property-Casualty Insurers","https://www.nasdaq.com/symbol/aig",
"AIG.WS","American International Group, Inc.","n/a","n/a","n/a","n/a","n/a","https://www.nasdaq.com/symbol/aig.ws",
"AMID","American Midstream Partners, LP","3.94","$212.04M","2011","Public Utilities","Natural Gas Distribution","https://www.nasdaq.com/symbol/amid",
"AMNB","American National Bankshares, Inc.","35.68","$311.83M","n/a","Finance","Major Banks","https://www.nasdaq.com/symbol/amnb",
"ANAT","American National Insurance Company","152.21","$4.09B","n/a","Finance","Life Insurance","https://www.nasdaq.com/symbol/anat",
"AOBC","American Outdoor Brands Corporation","12.57","$685.57M","n/a","Capital Goods","Ordnance And Accessories","https://www.nasdaq.com/symbol/aobc",
"APEI","American Public Education, Inc.","32.92","$540.68M","2007","Consumer Services","Other Consumer Services","https://www.nasdaq.com/symbol/apei",
"ARL","American Realty Investors, Inc.","12.88","$206.04M","n/a","Finance","Real Estate","https://www.nasdaq.com/symbol/arl",
"ARA","American Renal Associates Holdings, Inc","13.13","$426.95M","2016","Health Care","Hospital/Nursing Management","https://www.nasdaq.com/symbol/ara",
"AREC","American Resources Corporation","3.9","$69.07M","n/a","Consumer Services","Other Consumer Services","https://www.nasdaq.com/symbol/arec",
"AMRB","American River Bankshares","13.67","$80.08M","n/a","Finance","Major Banks","https://www.nasdaq.com/symbol/amrb",
"AMS","American Shared Hospital Services","2.8774","$16.44M","n/a","Health Care","Medical Specialities","https://www.nasdaq.com/symbol/ams",
"AMSWA","American Software, Inc.","11.65","$360.64M","n/a","Technology","Computer Software: Prepackaged Software","https://www.nasdaq.com/symbol/amswa",
"AWR","American States Water Company","70.35","$2.59B","n/a","Public Utilities","Water Supply","https://www.nasdaq.com/symbol/awr",
"AMSC","American Superconductor Corporation","15.69","$336.05M","1991","Consumer Durables","Metal Fabrications","https://www.nasdaq.com/symbol/amsc",
"AMT","American Tower Corporation (REIT)","174.23","$76.75B","n/a","Consumer Services","Real Estate Investment Trusts","https://www.nasdaq.com/symbol/amt",
"AVD","American Vanguard Corporation","18.74","$568.2M","n/a","Basic Industries","Agricultural Chemicals","https://www.nasdaq.com/symbol/avd",
"AWK","American Water Works","100.88","$18.23B","2008","Public Utilities","Water Supply","https://www.nasdaq.com/symbol/awk",
"AMWD","American Woodmark Corporation","86.78","$1.5B","1986","Basic Industries","Forest Products","https://www.nasdaq.com/symbol/amwd",
"CRMT","America&#39;s Car-Mart, Inc.","83.26","$556.59M","n/a","Consumer Durables","Automotive Aftermarket","https://www.nasdaq.com/symbol/crmt",
"USAS","Americas Silver Corporation","1.94","$85.08M","2017","Basic Industries","Precious Metals","https://www.nasdaq.com/symbol/usas",
"COLD","Americold Realty Trust","28.57","$4.24B","2018","Consumer Services","Real Estate Investment Trusts","https://www.nasdaq.com/symbol/cold",
"APU","AmeriGas Partners, L.P.","29.22","$2.72B","n/a","Consumer Services","Other Specialty Stores","https://www.nasdaq.com/symbol/apu",
"AMP","AMERIPRISE FINANCIAL SERVICES, INC.","131.94","$17.98B","n/a","Finance","Investment Managers","https://www.nasdaq.com/symbol/amp",
"ABCB","Ameris Bancorp","41.55","$1.97B","1994","Finance","Major Banks","https://www.nasdaq.com/symbol/abcb",
"AMSF","AMERISAFE, Inc.","62.2","$1.2B","2005","Finance","Property-Casualty Insurers","https://www.nasdaq.com/symbol/amsf",
"ASRV","AmeriServ Financial Inc.","4.21","$74.18M","n/a","Finance","Major Banks","https://www.nasdaq.com/symbol/asrv",
"ASRVP","AmeriServ Financial Inc.","29","n/a","n/a","Finance","Major Banks","https://www.nasdaq.com/symbol/asrvp",
"ABC","AmerisourceBergen Corporation (Holding Co)","84.67","$17.87B","n/a","Health Care","Other Pharmaceuticals","https://www.nasdaq.com/symbol/abc",
"ATLO","Ames National Corporation","27.63","$256.77M","n/a","Finance","Major Banks","https://www.nasdaq.com/symbol/atlo",
"AMGN","Amgen Inc.","189.81","$118.11B","1983","Health Care","Biotechnology: Biological Products (No Diagnostic Substances)","https://www.nasdaq.com/symbol/amgn",
"FOLD","Amicus Therapeutics, Inc.","12.44","$2.71B","2007","Health Care","Major Pharmaceuticals","https://www.nasdaq.com/symbol/fold",
"ANFI","Amira Nature Foods Ltd","0.9692","$36.75M","2012","Consumer Non-Durables","Packaged Foods","https://www.nasdaq.com/symbol/anfi",
"AMKR","Amkor Technology, Inc.","9.29","$2.23B","1998","Technology","Semiconductors","https://www.nasdaq.com/symbol/amkr",
"AMN","AMN Healthcare Services Inc","52.59","$2.46B","n/a","Technology","Professional Services","https://www.nasdaq.com/symbol/amn",
"AMRX","Amneal Pharmaceuticals, Inc.","13.2","$3.94B","2018","n/a","n/a","https://www.nasdaq.com/symbol/amrx",
"AP","Ampco-Pittsburgh Corporation","4.2","$52.48M","n/a","Capital Goods","Fluid Controls","https://www.nasdaq.com/symbol/ap",
"AMPH","Amphastar Pharmaceuticals, Inc.","23.9","$1.1B","2014","Health Care","Major Pharmaceuticals","https://www.nasdaq.com/symbol/amph",
"APH","Amphenol Corporation","95.13","$28.36B","n/a","Capital Goods","Electrical Products","https://www.nasdaq.com/symbol/aph",
"AMPE","Ampio Pharmaceuticals, Inc.","0.6465","$68.99M","n/a","Health Care","Major Pharmaceuticals","https://www.nasdaq.com/symbol/ampe",
"IBUY","Amplify Online Retail ETF","48.04","$276.23M","n/a","n/a","n/a","https://www.nasdaq.com/symbol/ibuy",
"APHB","AmpliPhi Biosciences Corporation","0.2588","$8.36M","n/a","Health Care","Biotechnology: Biological Products (No Diagnostic Substances)","https://www.nasdaq.com/symbol/aphb",
"AXR","AMREP Corporation","6.0599","$49.25M","n/a","Consumer Services","Newspapers/Magazines","https://www.nasdaq.com/symbol/axr",
"ASYS","Amtech Systems, Inc.","4.86","$69.15M","n/a","Technology","Industrial Machinery/Components","https://www.nasdaq.com/symbol/asys",
"AME","AMTEK, Inc.","79.77","$18.12B","n/a","Consumer Durables","Metal Fabrications","https://www.nasdaq.com/symbol/ame",
"AMRS","Amyris, Inc.","4.9","$360.43M","2010","Basic Industries","Major Chemicals","https://www.nasdaq.com/symbol/amrs",
"APC","Anadarko Petroleum Corporation","44.6","$22.28B","n/a","Energy","Oil & Gas Production","https://www.nasdaq.com/symbol/apc",
"ADI","Analog Devices, Inc.","107.9","$39.74B","n/a","Technology","Semiconductors","https://www.nasdaq.com/symbol/adi",
"PLAN","Anaplan, Inc.","36.83","$4.6B","2018","Technology","Computer Software: Prepackaged Software","https://www.nasdaq.com/symbol/plan",
"ANAB","AnaptysBio, Inc.","69.56","$1.86B","2017","Health Care","Major Pharmaceuticals","https://www.nasdaq.com/symbol/anab",
"AVXL","Anavex Life Sciences Corp.","2.42","$113.47M","n/a","Health Care","Biotechnology: Commercial Physical & Biological Resarch","https://www.nasdaq.com/symbol/avxl",
"ANCN","Anchiano Therapeutics Ltd.","8.39","$48.39M","2019","Health Care","Major Pharmaceuticals","https://www.nasdaq.com/symbol/ancn",
"ANDX","Andeavor Logistics LP","35.74","$8.77B","2011","Energy","Natural Gas Distribution","https://www.nasdaq.com/symbol/andx",
"ANDAU","Andina Acquisition Corp. III","10.07","n/a","2019","Finance","Business Services","https://www.nasdaq.com/symbol/andau",
"ANGI","ANGI Homeservices Inc.","16.46","$8.26B","n/a","Consumer Services","Advertising","https://www.nasdaq.com/symbol/angi",
"ANGO","AngioDynamics, Inc.","22.91","$850.81M","2004","Health Care","Medical/Dental Instruments","https://www.nasdaq.com/symbol/ango",
"AU","AngloGold Ashanti Limited","14.44","$5.94B","n/a","Basic Industries","Precious Metals","https://www.nasdaq.com/symbol/au",
"BUD","Anheuser-Busch Inbev SA","74.86","$146.46B","n/a","Consumer Non-Durables","Beverages (Production/Distribution)","https://www.nasdaq.com/symbol/bud",
"ANIP","ANI Pharmaceuticals, Inc.","60.78","$720.7M","n/a","Health Care","Major Pharmaceuticals","https://www.nasdaq.com/symbol/anip",
"ANIK","Anika Therapeutics Inc.","33.37","$474.24M","n/a","Health Care","Medical/Dental Instruments","https://www.nasdaq.com/symbol/anik",
"ANIX","Anixa Biosciences, Inc.","5.44","$104.95M","n/a","Health Care","Medical Specialities","https://www.nasdaq.com/symbol/anix",
"AXE","Anixter International Inc.","60.93","$2.04B","n/a","Consumer Non-Durables","Telecommunications Equipment","https://www.nasdaq.com/symbol/axe",
"NLY","Annaly Capital Management Inc","10.09","$14.13B","n/a","Consumer Services","Real Estate Investment Trusts","https://www.nasdaq.com/symbol/nly",
"NLY^C","Annaly Capital Management Inc","25.6","n/a","n/a","n/a","n/a","https://www.nasdaq.com/symbol/nly^c",
"NLY^D","Annaly Capital Management Inc","25.45","n/a","n/a","n/a","n/a","https://www.nasdaq.com/symbol/nly^d",
"NLY^F","Annaly Capital Management Inc","25.68","n/a","n/a","n/a","n/a","https://www.nasdaq.com/symbol/nly^f",
"NLY^G","Annaly Capital Management Inc","24.32","n/a","n/a","n/a","n/a","https://www.nasdaq.com/symbol/nly^g",
"NLY^H","Annaly Capital Management Inc","25.8295","n/a","n/a","n/a","n/a","https://www.nasdaq.com/symbol/nly^h",
"ANSS","ANSYS, Inc.","175.01","$14.62B","1996","Technology","Computer Software: Prepackaged Software","https://www.nasdaq.com/symbol/anss",
"ATRS","Antares Pharma, Inc.","3.56","$560.85M","n/a","Health Care","Medical/Dental Instruments","https://www.nasdaq.com/symbol/atrs",
"AMGP","Antero Midstream GP LP","13.5","$2.51B","2017","Public Utilities","Natural Gas Distribution","https://www.nasdaq.com/symbol/amgp",
"AM","Antero Midstream Partners LP","25.57","$4.79B","2014","Public Utilities","Natural Gas Distribution","https://www.nasdaq.com/symbol/am",
"AR","Antero Resources Corporation","9.66","$2.98B","2013","Energy","Oil & Gas Production","https://www.nasdaq.com/symbol/ar",
"ANTM","Anthem, Inc.","314.4","$80.8B","n/a","Health Care","Medical Specialities","https://www.nasdaq.com/symbol/antm",
"ANH","Anworth Mortgage Asset  Corporation","4.35","$428.4M","n/a","Consumer Services","Real Estate Investment Trusts","https://www.nasdaq.com/symbol/anh",
"ANH^A","Anworth Mortgage Asset  Corporation","25.75","n/a","n/a","n/a","n/a","https://www.nasdaq.com/symbol/anh^a",
"ANH^B","Anworth Mortgage Asset  Corporation","23.7264","n/a","n/a","n/a","n/a","https://www.nasdaq.com/symbol/anh^b",
"ANH^C","Anworth Mortgage Asset  Corporation","24.88","n/a","n/a","n/a","n/a","https://www.nasdaq.com/symbol/anh^c",
"AON","Aon plc","171.17","$41.08B","n/a","Finance","Specialty Insurers","https://www.nasdaq.com/symbol/aon",
"APA","Apache Corporation","33.46","$12.7B","n/a","Energy","Oil & Gas Production","https://www.nasdaq.com/symbol/apa",
"AIV","Apartment Investment and Management Company","49.21","$7.09B","1994","Consumer Services","Real Estate Investment Trusts","https://www.nasdaq.com/symbol/aiv",
"AIV^A","Apartment Investment and Management Company","26.04","n/a","n/a","n/a","n/a","https://www.nasdaq.com/symbol/aiv^a",
"APLS","Apellis Pharmaceuticals, Inc.","14.96","$841.39M","2017","Health Care","Major Pharmaceuticals","https://www.nasdaq.com/symbol/apls",
"APY","Apergy Corporation","41.68","$3.22B","2018","Technology","Industrial Machinery/Components","https://www.nasdaq.com/symbol/apy",
"APHA","Aphria Inc.","9.69","$2.42B","n/a","Consumer Durables","Specialty Chemicals","https://www.nasdaq.com/symbol/apha",
"APOG","Apogee Enterprises, Inc.","36.6","$994.63M","n/a","Capital Goods","Auto Parts:O.E.M.","https://www.nasdaq.com/symbol/apog",
"ARI","Apollo Commercial Real Estate Finance","18.09","$2.43B","2009","Consumer Services","Real Estate Investment Trusts","https://www.nasdaq.com/symbol/ari",
"ARI^C","Apollo Commercial Real Estate Finance","25.6","n/a","n/a","n/a","n/a","https://www.nasdaq.com/symbol/ari^c",
"APEN","Apollo Endosurgery, Inc.","3.6","$78.82M","n/a","Health Care","Medical/Dental Instruments","https://www.nasdaq.com/symbol/apen",
"APO","Apollo Global Management, LLC","29.06","$11.89B","2011","Finance","Investment Managers","https://www.nasdaq.com/symbol/apo",
"APO^A","Apollo Global Management, LLC","25.05","n/a","n/a","n/a","n/a","https://www.nasdaq.com/symbol/apo^a",
"APO^B","Apollo Global Management, LLC","24.74","n/a","n/a","n/a","n/a","https://www.nasdaq.com/symbol/apo^b",
"AINV","Apollo Investment Corporation","15.62","$1.08B","2004","n/a","n/a","https://www.nasdaq.com/symbol/ainv",
"AIY","Apollo Investment Corporation","25.64","n/a","2013","n/a","n/a","https://www.nasdaq.com/symbol/aiy",
"AMEH","Apollo Medical Holdings, Inc.","20.02","$682.37M","n/a","Consumer Services","Professional Services","https://www.nasdaq.com/symbol/ameh",
"AFT","Apollo Senior Floating Rate Fund Inc.","14.99","$233.44M","2011","n/a","n/a","https://www.nasdaq.com/symbol/aft",
"AIF","Apollo Tactical Income Fund Inc.","14.74","$213.2M","2013","n/a","n/a","https://www.nasdaq.com/symbol/aif",
"APPF","AppFolio, Inc.","71.03","$2.43B","2015","Technology","Computer Software: Prepackaged Software","https://www.nasdaq.com/symbol/appf",
"APPN","Appian Corporation","36.37","$2.34B","2017","Technology","Computer Software: Prepackaged Software","https://www.nasdaq.com/symbol/appn",
"APLE","Apple Hospitality REIT, Inc.","16.58","$3.79B","2015","Consumer Services","Real Estate Investment Trusts","https://www.nasdaq.com/symbol/aple",
"AAPL","Apple Inc.","174.23","$821.54B","1980","Technology","Computer Manufacturing","https://www.nasdaq.com/symbol/aapl",
"ARCI","Appliance Recycling Centers of America, Inc.","0.475","$4.02M","n/a","Consumer Services","Home Furnishings","https://www.nasdaq.com/symbol/arci",
"APDN","Applied DNA Sciences Inc","0.7","$25.45M","n/a","Consumer Services","Other Consumer Services","https://www.nasdaq.com/symbol/apdn",
"APDNW","Applied DNA Sciences Inc","0.0192","n/a","n/a","Consumer Services","Other Consumer Services","https://www.nasdaq.com/symbol/apdnw",
"AGTC","Applied Genetic Technologies Corporation","3.72","$67.57M","2014","Health Care","Biotechnology: Biological Products (No Diagnostic Substances)","https://www.nasdaq.com/symbol/agtc",
"AIT","Applied Industrial Technologies, Inc.","60.22","$2.33B","n/a","Consumer Durables","Industrial Specialties","https://www.nasdaq.com/symbol/ait",
"AMAT","Applied Materials, Inc.","39.66","$37.65B","1972","Technology","Semiconductors","https://www.nasdaq.com/symbol/amat",
"AAOI","Applied Optoelectronics, Inc.","16.805","$332.72M","2013","Technology","Semiconductors","https://www.nasdaq.com/symbol/aaoi",
"AREX","Approach Resources Inc.","0.9553","$90.28M","2007","Energy","Oil & Gas Production","https://www.nasdaq.com/symbol/arex",
"ATR","AptarGroup, Inc.","101.56","$6.39B","n/a","Consumer Non-Durables","Plastic Products","https://www.nasdaq.com/symbol/atr",
"APVO","Aptevo Therapeutics Inc.","1.64","$37.41M","n/a","Health Care","Major Pharmaceuticals","https://www.nasdaq.com/symbol/apvo",
"APTX","Aptinyx Inc.","5.95","$199.31M","2018","Health Care","Major Pharmaceuticals","https://www.nasdaq.com/symbol/aptx",
"APTV","Aptiv PLC","83.05","$21.6B","2011","Capital Goods","Auto Parts:O.E.M.","https://www.nasdaq.com/symbol/aptv",
"APM","Aptorum Group Limited","14.72","$443.31M","2018","Health Care","Major Pharmaceuticals","https://www.nasdaq.com/symbol/apm",
"APTO","Aptose Biosciences, Inc.","1.89","$71.4M","n/a","Health Care","Biotechnology: Biological Products (No Diagnostic Substances)","https://www.nasdaq.com/symbol/apto",
"APYX","Apyx Medical Corporation","6.54","$217.15M","n/a","Health Care","Medical/Dental Instruments","https://www.nasdaq.com/symbol/apyx",
"WTR","Aqua America, Inc.","36.23","$6.45B","n/a","Public Utilities","Water Supply","https://www.nasdaq.com/symbol/wtr",
"AQMS","Aqua Metals, Inc.","3.08","$136.49M","2015","Basic Industries","Metal Fabrications","https://www.nasdaq.com/symbol/aqms",
"AQB","AquaBounty Technologies, Inc.","2.45","$36.99M","n/a","n/a","n/a","https://www.nasdaq.com/symbol/aqb",
"AQ","Aquantia Corp.","8.71","$303.58M","2017","Technology","Semiconductors","https://www.nasdaq.com/symbol/aq",
"WAAS","AquaVenture Holdings Limited","23.22","$620.7M","2016","Public Utilities","Water Supply","https://www.nasdaq.com/symbol/waas",
"AQST","Aquestive Therapeutics, Inc.","7.18","$179.08M","2018","Health Care","Major Pharmaceuticals","https://www.nasdaq.com/symbol/aqst",
"AQXP","Aquinox Pharmaceuticals, Inc.","2.6","$61.2M","2014","Health Care","Major Pharmaceuticals","https://www.nasdaq.com/symbol/aqxp",
"ARMK","Aramark","32.19","$7.93B","2013","Consumer Services","Restaurants","https://www.nasdaq.com/symbol/armk",
"PETX","Aratana Therapeutics, Inc.","4.17","$202.76M","2013","Health Care","Major Pharmaceuticals","https://www.nasdaq.com/symbol/petx",
"ARAV","Aravive, Inc.","5.58","$62.4M","2014","Health Care","Major Pharmaceuticals","https://www.nasdaq.com/symbol/arav",
"ABR","Arbor Realty Trust","13.06","$1.11B","2004","Consumer Services","Real Estate Investment Trusts","https://www.nasdaq.com/symbol/abr",
"ABR^A","Arbor Realty Trust","25.69","n/a","n/a","n/a","n/a","https://www.nasdaq.com/symbol/abr^a",
"ABR^B","Arbor Realty Trust","25.35","n/a","n/a","n/a","n/a","https://www.nasdaq.com/symbol/abr^b",
"ABR^C","Arbor Realty Trust","25.45","n/a","n/a","n/a","n/a","https://www.nasdaq.com/symbol/abr^c",
"ABUS","Arbutus Biopharma Corporation","4.03","$223.57M","n/a","Health Care","Major Pharmaceuticals","https://www.nasdaq.com/symbol/abus",
"ARC","ARC Document Solutions, Inc.","2.66","$121.8M","2004","Consumer Services","Professional Services","https://www.nasdaq.com/symbol/arc",
"ARCW","ARC Group Worldwide, Inc.","1.2441","$29.05M","n/a","Capital Goods","Metal Fabrications","https://www.nasdaq.com/symbol/arcw",
"ABIO","ARCA biopharma, Inc.","0.435","$6.06M","n/a","Health Care","Biotechnology: In Vitro & In Vivo Diagnostic Substances","https://www.nasdaq.com/symbol/abio",
"RKDA","Arcadia Biosciences, Inc.","5.44","$25.98M","2015","Basic Industries","Agricultural Chemicals","https://www.nasdaq.com/symbol/rkda",
"ARCB","ArcBest Corporation","37.54","$960.54M","n/a","Transportation","Trucking Freight/Courier Services","https://www.nasdaq.com/symbol/arcb",
"MT","ArcelorMittal","23.75","$23.97B","n/a","Basic Industries","Steel/Iron Ore","https://www.nasdaq.com/symbol/mt",
"ACGL","Arch Capital Group Ltd.","32.26","$12.98B","n/a","Finance","Property-Casualty Insurers","https://www.nasdaq.com/symbol/acgl",
"ACGLO","Arch Capital Group Ltd.","23.62","n/a","n/a","Finance","Property-Casualty Insurers","https://www.nasdaq.com/symbol/acglo",
"ACGLP","Arch Capital Group Ltd.","22.95","n/a","n/a","Finance","Property-Casualty Insurers","https://www.nasdaq.com/symbol/acglp",
"ARCH","Arch Coal, Inc.","90.96","$1.61B","2016","Energy","Coal Mining","https://www.nasdaq.com/symbol/arch",
"ADM","Archer-Daniels-Midland Company","42.43","$23.76B","n/a","Consumer Non-Durables","Packaged Foods","https://www.nasdaq.com/symbol/adm",
"AROC","Archrock, Inc.","10.1","$1.32B","n/a","Public Utilities","Natural Gas Distribution","https://www.nasdaq.com/symbol/aroc",
"FUV","Arcimoto, Inc.","4.22","$63.44M","2017","Consumer Non-Durables","Motor Vehicles","https://www.nasdaq.com/symbol/fuv",
"ARCE","Arco Platform Limited","26.48","$1.33B","2018","Consumer Services","Other Consumer Services","https://www.nasdaq.com/symbol/arce",
"ARNC^","Arconic Inc.","88.7323","n/a","n/a","n/a","n/a","https://www.nasdaq.com/symbol/arnc^",
"ARNC","Arconic Inc.","18.41","$8.93B","n/a","Capital Goods","Metal Fabrications","https://www.nasdaq.com/symbol/arnc",
"ARCO","Arcos Dorados Holdings Inc.","8.53","$1.77B","2011","Consumer Services","Restaurants","https://www.nasdaq.com/symbol/arco",
"ACA","Arcosa, Inc.","31.42","$1.53B","2018","Capital Goods","Industrial Machinery/Components","https://www.nasdaq.com/symbol/aca",
"ARCT","Arcturus Therapeutics Ltd.","4.9","$52.52M","2013","n/a","n/a","https://www.nasdaq.com/symbol/arct",
"RCUS","Arcus Biosciences, Inc.","11.76","$522.78M","2018","Health Care","Major Pharmaceuticals","https://www.nasdaq.com/symbol/rcus",
"ARD","Ardagh Group S.A.","13.43","$3.17B","2017","Consumer Durables","Containers/Packaging","https://www.nasdaq.com/symbol/ard",
"ARDX","Ardelyx, Inc.","2.6","$161.55M","2014","Health Care","Major Pharmaceuticals","https://www.nasdaq.com/symbol/ardx",
"ASC","Ardmore Shipping Corporation","5.53","$183.03M","2013","Transportation","Marine Transportation","https://www.nasdaq.com/symbol/asc",
"ARNA","Arena Pharmaceuticals, Inc.","50.57","$2.5B","2000","Health Care","Major Pharmaceuticals","https://www.nasdaq.com/symbol/arna",
"AFC","Ares Capital Corporation","25.78","$206.24M","n/a","n/a","n/a","https://www.nasdaq.com/symbol/afc",
"ARCC","Ares Capital Corporation","17.43","$7.43B","2004","n/a","n/a","https://www.nasdaq.com/symbol/arcc",
"ACRE","Ares Commercial Real Estate Corporation","15.08","$433.64M","2012","Consumer Services","Real Estate Investment Trusts","https://www.nasdaq.com/symbol/acre",
"ARDC","Ares Dynamic Credit Allocation Fund, Inc.","15.05","$345.58M","2012","n/a","n/a","https://www.nasdaq.com/symbol/ardc",
"ARES","Ares Management Corporation","23.81","$5.2B","2014","Finance","Investment Managers","https://www.nasdaq.com/symbol/ares",
"ARES^A","Ares Management Corporation","26.31","n/a","n/a","n/a","n/a","https://www.nasdaq.com/symbol/ares^a",
"AGX","Argan, Inc.","46.21","$719.52M","n/a","Basic Industries","Engineering & Construction","https://www.nasdaq.com/symbol/agx",
"ARGX","argenx SE","129.85","$4.67B","2017","Health Care","Biotechnology: Biological Products (No Diagnostic Substances)","https://www.nasdaq.com/symbol/argx",
"ARGD","Argo Group International Holdings, Ltd.","25.55","n/a","n/a","Finance","Specialty Insurers","https://www.nasdaq.com/symbol/argd",
"ARGO","Argo Group International Holdings, Ltd.","70.37","$2.39B","n/a","Finance","Specialty Insurers","https://www.nasdaq.com/symbol/argo",
"ARDS","Aridis Pharmaceuticals Inc.","8.95","$72.54M","2018","Health Care","Major Pharmaceuticals","https://www.nasdaq.com/symbol/ards",
"ANET","Arista Networks, Inc.","279.3","$21.15B","2014","Technology","Computer Communications Equipment","https://www.nasdaq.com/symbol/anet",
"ARKR","Ark Restaurants Corp.","20","$69.53M","n/a","Consumer Services","Restaurants","https://www.nasdaq.com/symbol/arkr",
"AI","Arlington Asset Investment Corp","8.18","$250.08M","n/a","Finance","Finance/Investors Services","https://www.nasdaq.com/symbol/ai",
"AI^B","Arlington Asset Investment Corp","22.6","n/a","n/a","n/a","n/a","https://www.nasdaq.com/symbol/ai^b",
"AIC","Arlington Asset Investment Corp","23.84","n/a","2015","Finance","Finance/Investors Services","https://www.nasdaq.com/symbol/aic",
"AIW","Arlington Asset Investment Corp","24.03","n/a","n/a","Finance","Finance/Investors Services","https://www.nasdaq.com/symbol/aiw",
"ARLO","Arlo Technologies, Inc.","3.99","$296.25M","2018","Consumer Non-Durables","Consumer Electronics/Appliances","https://www.nasdaq.com/symbol/arlo",
"AHH","Armada Hoffler Properties, Inc.","15.53","$776.72M","2013","Finance","Real Estate","https://www.nasdaq.com/symbol/ahh",
"ARR","ARMOUR Residential REIT, Inc.","20.24","$1.04B","n/a","Consumer Services","Real Estate Investment Trusts","https://www.nasdaq.com/symbol/arr",
"ARR^A","ARMOUR Residential REIT, Inc.","25.4349","n/a","n/a","n/a","n/a","https://www.nasdaq.com/symbol/arr^a",
"ARR^B","ARMOUR Residential REIT, Inc.","24.85","n/a","n/a","n/a","n/a","https://www.nasdaq.com/symbol/arr^b",
"AFI","Armstrong Flooring, Inc.","14.63","$377.86M","2016","Consumer Non-Durables","Plastic Products","https://www.nasdaq.com/symbol/afi",
"AWI","Armstrong World Industries Inc","73.76","$3.66B","n/a","Consumer Non-Durables","Plastic Products","https://www.nasdaq.com/symbol/awi",
"ARTX","Arotech Corporation","3.5","$92.7M","1994","Miscellaneous","Industrial Machinery/Components","https://www.nasdaq.com/symbol/artx",
"ARQL","ArQule, Inc.","3.56","$388.02M","1996","Health Care","Major Pharmaceuticals","https://www.nasdaq.com/symbol/arql",
"ARRY","Array BioPharma Inc.","23.49","$5.13B","2000","Health Care","Major Pharmaceuticals","https://www.nasdaq.com/symbol/arry",
"ARRS","ARRIS International plc","31.69","$5.51B","n/a","Technology","Radio And Television Broadcasting And Communications Equipment","https://www.nasdaq.com/symbol/arrs",
"DWCR","Arrow DWA Country Rotation ETF","27.0204","$16.21M","n/a","n/a","n/a","https://www.nasdaq.com/symbol/dwcr",
"DWAT","Arrow DWA Tactical ETF","10.68","$5.34M","n/a","n/a","n/a","https://www.nasdaq.com/symbol/dwat",
"ARW","Arrow Electronics, Inc.","81.89","$6.95B","n/a","Consumer Non-Durables","Electronic Components","https://www.nasdaq.com/symbol/arw",
"AROW","Arrow Financial Corporation","35.47","$513.33M","n/a","Finance","Major Banks","https://www.nasdaq.com/symbol/arow",
"ARWR","Arrowhead Pharmaceuticals, Inc.","19.12","$1.8B","n/a","Health Care","Major Pharmaceuticals","https://www.nasdaq.com/symbol/arwr",
"ASNS","Arsanis, Inc.","2.84","$41.39M","2017","Health Care","Biotechnology: Biological Products (No Diagnostic Substances)","https://www.nasdaq.com/symbol/asns",
"ARTNA","Artesian Resources Corporation","39","$360.6M","n/a","Public Utilities","Water Supply","https://www.nasdaq.com/symbol/artna",
"AJG","Arthur J. Gallagher & Co.","80.34","$14.79B","n/a","Finance","Specialty Insurers","https://www.nasdaq.com/symbol/ajg",
"APAM","Artisan Partners Asset Management Inc.","26.15","$2.01B","2013","Finance","Investment Managers","https://www.nasdaq.com/symbol/apam",
"ARTW","Art&#39;s-Way Manufacturing Co., Inc.","2.23","$9.41M","n/a","Capital Goods","Industrial Machinery/Components","https://www.nasdaq.com/symbol/artw",
"ARVN","Arvinas, Inc.","18.77","$607.23M","2018","Health Care","Major Pharmaceuticals","https://www.nasdaq.com/symbol/arvn",
"ARYA","ARYA Sciences Acquisition Corp.","9.75","$175.2M","2018","Finance","Business Services","https://www.nasdaq.com/symbol/arya",
"ARYAU","ARYA Sciences Acquisition Corp.","10.39","n/a","2018","Finance","Business Services","https://www.nasdaq.com/symbol/aryau",
"ARYAW","ARYA Sciences Acquisition Corp.","1.3","n/a","2018","Finance","Business Services","https://www.nasdaq.com/symbol/aryaw",
"ASA","ASA Gold and Precious Metals Limited","10.44","$201.39M","n/a","n/a","n/a","https://www.nasdaq.com/symbol/asa",
"AKG","Asanko Gold Inc.","0.7393","$166.94M","n/a","Basic Industries","Mining & Quarrying of Nonmetallic Minerals (No Fuels)","https://www.nasdaq.com/symbol/akg",
"ABG","Asbury Automotive Group Inc","70.78","$1.39B","2002","Consumer Durables","Automotive Aftermarket","https://www.nasdaq.com/symbol/abg",
"ASNA","Ascena Retail Group, Inc.","2.24","$442.26M","n/a","Consumer Services","Clothing/Shoe/Accessory Stores","https://www.nasdaq.com/symbol/asna",
"ASND","Ascendis Pharma A/S","74.65","$3.14B","2015","Health Care","Major Pharmaceuticals","https://www.nasdaq.com/symbol/asnd",
"ASCMA","Ascent Capital Group, Inc.","0.6","$7.47M","n/a","Consumer Services","Other Consumer Services","https://www.nasdaq.com/symbol/ascma",
"ASX","ASE Technology Holding Co., Ltd.","3.98","$8.31B","2018","Technology","Semiconductors","https://www.nasdaq.com/symbol/asx",
"ASGN","ASGN Incorporated","66.81","$3.51B","1992","Technology","Professional Services","https://www.nasdaq.com/symbol/asgn",
"AHT","Ashford Hospitality Trust Inc","5.47","$552.68M","2003","Consumer Services","Real Estate Investment Trusts","https://www.nasdaq.com/symbol/aht",
"AHT^D","Ashford Hospitality Trust Inc","25.31","n/a","n/a","n/a","n/a","https://www.nasdaq.com/symbol/aht^d",
"AHT^F","Ashford Hospitality Trust Inc","22.09","n/a","n/a","n/a","n/a","https://www.nasdaq.com/symbol/aht^f",
"AHT^G","Ashford Hospitality Trust Inc","22.2","n/a","n/a","n/a","n/a","https://www.nasdaq.com/symbol/aht^g",
"AHT^H","Ashford Hospitality Trust Inc","22.65","n/a","n/a","n/a","n/a","https://www.nasdaq.com/symbol/aht^h",
"AHT^I","Ashford Hospitality Trust Inc","22.36","n/a","n/a","n/a","n/a","https://www.nasdaq.com/symbol/aht^i",
"AINC","Ashford Inc.","58.01","$138.68M","2014","Consumer Services","Professional Services","https://www.nasdaq.com/symbol/ainc",
"ASH","Ashland Global Holdings Inc.","78.63","$4.92B","n/a","Consumer Durables","Specialty Chemicals","https://www.nasdaq.com/symbol/ash",
"APWC","Asia Pacific Wire & Cable Corporation Limited","2.3425","$32.37M","n/a","Basic Industries","Telecommunications Equipment","https://www.nasdaq.com/symbol/apwc",
"ASLN","ASLAN Pharmaceuticals Limited","3.16","$101.28M","2018","Health Care","Major Pharmaceuticals","https://www.nasdaq.com/symbol/asln",
"ASML","ASML Holding N.V.","186.99","$79.59B","1995","Technology","Industrial Machinery/Components","https://www.nasdaq.com/symbol/asml",
"ASPN","Aspen Aerogels, Inc.","3.71","$88.93M","2014","Consumer Services","RETAIL: Building Materials","https://www.nasdaq.com/symbol/aspn",
"ASPU","Aspen Group Inc.","4.8","$88.2M","n/a","Consumer Services","Other Consumer Services","https://www.nasdaq.com/symbol/aspu",
"AHL^C","Aspen Insurance Holdings Limited","25.15","n/a","n/a","n/a","n/a","https://www.nasdaq.com/symbol/ahl^c",
"AHL^D","Aspen Insurance Holdings Limited","23.76","n/a","n/a","n/a","n/a","https://www.nasdaq.com/symbol/ahl^d",
"AZPN","Aspen Technology, Inc.","101.16","$7.05B","1994","Technology","EDP Services","https://www.nasdaq.com/symbol/azpn",
"ASMB","Assembly Biosciences, Inc.","21.65","$551.28M","n/a","Health Care","Major Pharmaceuticals","https://www.nasdaq.com/symbol/asmb",
"ASRT","Assertio Therapeutics, Inc.","4.3","$274.94M","n/a","Health Care","Major Pharmaceuticals","https://www.nasdaq.com/symbol/asrt",
"ASB","Associated Banc-Corp","23.6","$3.88B","n/a","Finance","Major Banks","https://www.nasdaq.com/symbol/asb",
"ASB^C","Associated Banc-Corp","26","n/a","n/a","n/a","n/a","https://www.nasdaq.com/symbol/asb^c",
"ASB^D","Associated Banc-Corp","24.31","n/a","n/a","n/a","n/a","https://www.nasdaq.com/symbol/asb^d",
"ASB^E","Associated Banc-Corp","25.492","n/a","n/a","n/a","n/a","https://www.nasdaq.com/symbol/asb^e",
"AC","Associated Capital Group, Inc.","42.54","$961.3M","2015","Finance","Investment Bankers/Brokers/Service","https://www.nasdaq.com/symbol/ac",
"AIZ","Assurant, Inc.","99.06","$6.15B","2004","Finance","Accident &Health Insurance","https://www.nasdaq.com/symbol/aiz",
"AIZP","Assurant, Inc.","107.55","n/a","n/a","Finance","Accident &Health Insurance","https://www.nasdaq.com/symbol/aizp",
"AGO","Assured Guaranty Ltd.","41.44","$4.38B","2004","Finance","Property-Casualty Insurers","https://www.nasdaq.com/symbol/ago",
"AGO^B","Assured Guaranty Ltd.","26.15","n/a","n/a","n/a","n/a","https://www.nasdaq.com/symbol/ago^b",
"AGO^E","Assured Guaranty Ltd.","25.2","n/a","n/a","n/a","n/a","https://www.nasdaq.com/symbol/ago^e",
"AGO^F","Assured Guaranty Ltd.","24.95","n/a","n/a","n/a","n/a","https://www.nasdaq.com/symbol/ago^f",
"ASFI","Asta Funding, Inc.","4.76","$31.82M","1995","Finance","Finance Companies","https://www.nasdaq.com/symbol/asfi",
"ASTE","Astec Industries, Inc.","39.85","$908.48M","1986","Capital Goods","Construction/Ag Equipment/Trucks","https://www.nasdaq.com/symbol/aste",
"AST","Asterias Biotherapeutics, Inc.","0.9415","$54.74M","n/a","Health Care","Biotechnology: Biological Products (No Diagnostic Substances)","https://www.nasdaq.com/symbol/ast",
"AZN","Astrazeneca PLC","41.5","$105.17B","n/a","Health Care","Major Pharmaceuticals","https://www.nasdaq.com/symbol/azn",
"ATRO","Astronics Corporation","36.01","$1.16B","n/a","Capital Goods","Military/Government/Technical","https://www.nasdaq.com/symbol/atro",
"ALOT","AstroNova, Inc.","19.18","$133.35M","1983","Technology","Computer peripheral equipment","https://www.nasdaq.com/symbol/alot",
"ASTC","Astrotech Corporation","4.37","$24.75M","n/a","Capital Goods","Biotechnology: Laboratory Analytical Instruments","https://www.nasdaq.com/symbol/astc",
"ASUR","Asure Software Inc","6.36","$97.61M","n/a","Technology","EDP Services","https://www.nasdaq.com/symbol/asur",
"ASV","ASV Holdings, Inc.","3.19","$31.38M","2017","Capital Goods","Construction/Ag Equipment/Trucks","https://www.nasdaq.com/symbol/asv",
"HOME","At Home Group Inc.","23.8","$1.51B","2016","Consumer Services","Home Furnishings","https://www.nasdaq.com/symbol/home",
"T","AT&T Inc.","31.13","$226.77B","n/a","Public Utilities","Telecommunications Equipment","https://www.nasdaq.com/symbol/t",
"TBB","AT&T Inc.","24.66","n/a","2017","Public Utilities","Telecommunications Equipment","https://www.nasdaq.com/symbol/tbb",
"TBC","AT&T Inc.","24.86","n/a","2018","Public Utilities","Telecommunications Equipment","https://www.nasdaq.com/symbol/tbc",
"ATAI","ATA Inc.","1.1","$26.63M","2008","Consumer Services","Other Consumer Services","https://www.nasdaq.com/symbol/atai",
"ATRA","Atara Biotherapeutics, Inc.","41.74","$1.91B","2014","Health Care","Biotechnology: Biological Products (No Diagnostic Substances)","https://www.nasdaq.com/symbol/atra",
"ATTO","Atento S.A.","3.91","$288.98M","2014","Public Utilities","Telecommunications Equipment","https://www.nasdaq.com/symbol/atto",
"ATH","Athene Holding Ltd.","44.93","$8.98B","2016","Finance","Life Insurance","https://www.nasdaq.com/symbol/ath",
"ATNX","Athenex, Inc.","13.13","$878.32M","2017","Health Care","Major Pharmaceuticals","https://www.nasdaq.com/symbol/atnx",
"ATHX","Athersys, Inc.","1.52","$215.45M","n/a","Health Care","Major Pharmaceuticals","https://www.nasdaq.com/symbol/athx",
"ATKR","Atkore International Group Inc.","24.02","$1.1B","2016","Miscellaneous","Industrial Machinery/Components","https://www.nasdaq.com/symbol/atkr",
"AAME","Atlantic American Corporation","2.7935","$56.43M","n/a","Finance","Life Insurance","https://www.nasdaq.com/symbol/aame",
"ACBI","Atlantic Capital Bancshares, Inc.","19.39","$490.38M","n/a","Finance","Major Banks","https://www.nasdaq.com/symbol/acbi",
"AT","Atlantic Power Corporation","2.75","$297.94M","n/a","Energy","Electric Utilities: Central","https://www.nasdaq.com/symbol/at",
"AY","Atlantica Yield plc","19.53","$1.96B","2014","Public Utilities","Electric Utilities: Central","https://www.nasdaq.com/symbol/ay",
"ATLC","Atlanticus Holdings Corporation","3.7501","$57.66M","1995","Finance","Finance: Consumer Services","https://www.nasdaq.com/symbol/atlc",
"AAWW","Atlas Air Worldwide Holdings","55.51","$1.43B","n/a","Transportation","Transportation Services","https://www.nasdaq.com/symbol/aaww",
"AFH","Atlas Financial Holdings, Inc.","8.72","$104.09M","2013","Finance","Property-Casualty Insurers","https://www.nasdaq.com/symbol/afh",
"AFHBL","Atlas Financial Holdings, Inc.","25.4374","n/a","n/a","Finance","Property-Casualty Insurers","https://www.nasdaq.com/symbol/afhbl",
"TEAM","Atlassian Corporation Plc","106.75","$25.57B","2015","Technology","Computer Software: Prepackaged Software","https://www.nasdaq.com/symbol/team",
"ATO","Atmos Energy Corporation","98.3","$11.49B","n/a","Public Utilities","Oil/Gas Transmission","https://www.nasdaq.com/symbol/ato",
"ATNI","ATN International, Inc.","56.54","$902.69M","n/a","Public Utilities","Telecommunications Equipment","https://www.nasdaq.com/symbol/atni",
"ATOM","Atomera Incorporated","3.79","$56.98M","2016","Technology","Semiconductors","https://www.nasdaq.com/symbol/atom",
"ATOS","Atossa Genetics Inc.","1.5146","$8.55M","2012","Health Care","Major Pharmaceuticals","https://www.nasdaq.com/symbol/atos",
"ATRC","AtriCure, Inc.","32.91","$1.27B","2005","Health Care","Medical/Dental Instruments","https://www.nasdaq.com/symbol/atrc",
"ATRI","Atrion Corporation","807.8","$1.5B","n/a","Health Care","Medical/Dental Instruments","https://www.nasdaq.com/symbol/atri",
"ATIS","Attis Industries Inc.","0.275","$7.57M","n/a","Basic Industries","Miscellaneous","https://www.nasdaq.com/symbol/atis",
"ATISW","Attis Industries Inc.","0.08","n/a","n/a","Basic Industries","Miscellaneous","https://www.nasdaq.com/symbol/atisw",
"ATTU","Attunity Ltd.","23.5","$501.42M","n/a","Technology","Computer Software: Prepackaged Software","https://www.nasdaq.com/symbol/attu",
"LIFE","aTyr Pharma, Inc.","0.4799","$14.41M","2015","Health Care","Biotechnology: Biological Products (No Diagnostic Substances)","https://www.nasdaq.com/symbol/life",
"AUO","AU Optronics Corp","3.61","$3.47B","2002","Technology","Semiconductors","https://www.nasdaq.com/symbol/auo",
"AUBN","Auburn National Bancorporation, Inc.","34.02","$123.96M","n/a","Finance","Major Banks","https://www.nasdaq.com/symbol/aubn",
"BOLD","Audentes Therapeutics, Inc.","29.26","$1.25B","2016","Health Care","Biotechnology: Biological Products (No Diagnostic Substances)","https://www.nasdaq.com/symbol/bold",
"AUDC","AudioCodes Ltd.","14.12","$414.3M","1999","Public Utilities","Telecommunications Equipment","https://www.nasdaq.com/symbol/audc",
"AEYE","AudioEye, Inc.","11.1","$83.79M","n/a","Technology","Computer Software: Prepackaged Software","https://www.nasdaq.com/symbol/aeye",
"AUPH","Aurinia Pharmaceuticals Inc","7.2","$615.6M","n/a","Health Care","Major Pharmaceuticals","https://www.nasdaq.com/symbol/auph",
"EARS","Auris Medical Holding AG","0.3559","$13.34M","2014","Health Care","Major Pharmaceuticals","https://www.nasdaq.com/symbol/ears",
"ACB","Aurora Cannabis Inc.","7.29","$7.28B","n/a","Consumer Durables","Specialty Chemicals","https://www.nasdaq.com/symbol/acb",
"JG","Aurora Mobile Limited","8.995","$1.06B","2018","Technology","Computer Software: Programming, Data Processing","https://www.nasdaq.com/symbol/jg",
"AUG","Auryn Resources Inc.","1.16","$104.96M","n/a","Basic Industries","Precious Metals","https://www.nasdaq.com/symbol/aug",
"ADSK","Autodesk, Inc.","163.94","$35.9B","n/a","Technology","Computer Software: Prepackaged Software","https://www.nasdaq.com/symbol/adsk",
"ATHM","Autohome Inc.","91.36","$10.7B","2013","Technology","EDP Services","https://www.nasdaq.com/symbol/athm",
"ALV","Autoliv, Inc.","82.41","$7.18B","n/a","Capital Goods","Auto Parts:O.E.M.","https://www.nasdaq.com/symbol/alv",
"AUTL","Autolus Therapeutics plc","27.97","$1.12B","2018","Health Care","Biotechnology: Biological Products (No Diagnostic Substances)","https://www.nasdaq.com/symbol/autl",
"ADP","Automatic Data Processing, Inc.","152.49","$66.43B","n/a","Technology","EDP Services","https://www.nasdaq.com/symbol/adp",
"AN","AutoNation, Inc.","35.78","$3.22B","n/a","Consumer Durables","Automotive Aftermarket","https://www.nasdaq.com/symbol/an",
"AUTO","AutoWeb, Inc.","3.42","$44.29M","n/a","Technology","Computer Software: Programming, Data Processing","https://www.nasdaq.com/symbol/auto",
"AZO","AutoZone, Inc.","889.6","$22.42B","n/a","Consumer Services","Other Specialty Stores","https://www.nasdaq.com/symbol/azo",
"AVDL","Avadel Pharmaceuticals plc","2.04","$75.5M","n/a","Health Care","Major Pharmaceuticals","https://www.nasdaq.com/symbol/avdl",
"AVLR","Avalara, Inc.","50.73","$3.37B","2018","Technology","Computer Software: Prepackaged Software","https://www.nasdaq.com/symbol/avlr",
"AVCO","Avalon GloboCare Corp.","3.43","$250.53M","n/a","Consumer Services","Professional Services","https://www.nasdaq.com/symbol/avco",
"AWX","Avalon Holdings Corporation","2.58","$9.81M","n/a","Public Utilities","Environmental Services","https://www.nasdaq.com/symbol/awx",
"AVB","AvalonBay Communities, Inc.","194.62","$26.96B","n/a","Consumer Services","Real Estate Investment Trusts","https://www.nasdaq.com/symbol/avb",
"AGR","Avangrid, Inc.","49.18","$15.2B","2015","Public Utilities","Electric Utilities: Central","https://www.nasdaq.com/symbol/agr",
"AVNS","Avanos Medical, Inc.","51.04","$2.42B","2014","Health Care","Industrial Specialties","https://www.nasdaq.com/symbol/avns",
"AVYA","Avaya Holdings Corp.","16.35","$1.81B","n/a","Public Utilities","Telecommunications Equipment","https://www.nasdaq.com/symbol/avya",
"AVDR","Avedro, Inc","12.05","$205.58M","2019","Health Care","Major Pharmaceuticals","https://www.nasdaq.com/symbol/avdr",
"ATXI","Avenue Therapeutics, Inc.","5.25","$56.01M","2017","Health Care","Major Pharmaceuticals","https://www.nasdaq.com/symbol/atxi",
"AVEO","AVEO Pharmaceuticals, Inc.","0.661","$82.85M","2010","Health Care","Major Pharmaceuticals","https://www.nasdaq.com/symbol/aveo",
"AVY","Avery Dennison Corporation","107.94","$9.36B","n/a","Consumer Durables","Containers/Packaging","https://www.nasdaq.com/symbol/avy",
"AVH","Avianca Holdings S.A.","4.85","$604.42M","2013","Transportation","Air Freight/Delivery Services","https://www.nasdaq.com/symbol/avh",
"AVNW","Aviat Networks, Inc.","14.07","$75.7M","n/a","Technology","Radio And Television Broadcasting And Communications Equipment","https://www.nasdaq.com/symbol/avnw",
"CDMO","Avid Bioservices, Inc.","4.06","$227.64M","n/a","Health Care","Major Pharmaceuticals","https://www.nasdaq.com/symbol/cdmo",
"CDMOP","Avid Bioservices, Inc.","25.75","$18.03M","n/a","Health Care","Major Pharmaceuticals","https://www.nasdaq.com/symbol/cdmop",
"AVID","Avid Technology, Inc.","4.61","$192.94M","1993","Technology","Computer Software: Prepackaged Software","https://www.nasdaq.com/symbol/avid",
"AVGR","Avinger, Inc.","0.4615","$10.83M","2015","Health Care","Medical/Dental Instruments","https://www.nasdaq.com/symbol/avgr",
"ASM","Avino Silver","0.7185","$45.51M","n/a","Basic Industries","Precious Metals","https://www.nasdaq.com/symbol/asm",
"CAR","Avis Budget Group, Inc.","35.29","$2.67B","n/a","Consumer Services","Rental/Leasing Companies","https://www.nasdaq.com/symbol/car",
"AVA","Avista Corporation","41.03","$2.7B","n/a","Public Utilities","Power Generation","https://www.nasdaq.com/symbol/ava",
"AVT","Avnet, Inc.","44.9","$4.87B","n/a","Consumer Non-Durables","Electronic Components","https://www.nasdaq.com/symbol/avt",
"AVP","Avon Products, Inc.","3.01","$1.33B","n/a","Consumer Non-Durables","Package Goods/Cosmetics","https://www.nasdaq.com/symbol/avp",
"AVRO","AVROBIO, Inc.","16.98","$406.77M","2018","Health Care","Biotechnology: Biological Products (No Diagnostic Substances)","https://www.nasdaq.com/symbol/avro",
"AVX","AVX Corporation","18.65","$3.15B","n/a","Capital Goods","Electrical Products","https://www.nasdaq.com/symbol/avx",
"AWRE","Aware, Inc.","3.75","$80.89M","1996","Technology","Computer Software: Prepackaged Software","https://www.nasdaq.com/symbol/awre",
"EQH","AXA Equitable Holdings, Inc.","19.21","$10.16B","2018","Finance","Specialty Insurers","https://www.nasdaq.com/symbol/eqh",
"AXTA","Axalta Coating Systems Ltd.","27.01","$6.36B","2014","Basic Industries","Paints/Coatings","https://www.nasdaq.com/symbol/axta",
"ACLS","Axcelis Technologies, Inc.","21.82","$710.44M","2000","Technology","Industrial Machinery/Components","https://www.nasdaq.com/symbol/acls",
"AXS","Axis Capital Holdings Limited","57.14","$4.78B","2003","Finance","Property-Casualty Insurers","https://www.nasdaq.com/symbol/axs",
"AXS^D","Axis Capital Holdings Limited","23.36","n/a","n/a","n/a","n/a","https://www.nasdaq.com/symbol/axs^d",
"AXS^E","Axis Capital Holdings Limited","23.57","n/a","n/a","n/a","n/a","https://www.nasdaq.com/symbol/axs^e",
"AXGN","AxoGen, Inc.","18.05","$698.05M","n/a","Health Care","Biotechnology: Electromedical & Electrotherapeutic Apparatus","https://www.nasdaq.com/symbol/axgn",
"AAXN","Axon Enterprise, Inc.","58.05","$3.41B","n/a","Capital Goods","Ordnance And Accessories","https://www.nasdaq.com/symbol/aaxn",
"AXNX","Axonics Modulation Technologies, Inc.","21.45","$596.42M","2018","Health Care","Medical/Dental Instruments","https://www.nasdaq.com/symbol/axnx",
"AX","Axos Financial, Inc.","31.88","$1.95B","n/a","Finance","Savings Institutions","https://www.nasdaq.com/symbol/ax",
"AXO","Axos Financial, Inc.","25.4117","n/a","n/a","Finance","Savings Institutions","https://www.nasdaq.com/symbol/axo",
"AXGT","Axovant Sciences Ltd.","1.34","$208.42M","n/a","Health Care","Major Pharmaceuticals","https://www.nasdaq.com/symbol/axgt",
"AXSM","Axsome Therapeutics, Inc.","9.23","$301.77M","2015","Health Care","Major Pharmaceuticals","https://www.nasdaq.com/symbol/axsm",
"AXTI","AXT Inc","4.39","$173.57M","1998","Technology","Semiconductors","https://www.nasdaq.com/symbol/axti",
"AYTU","Aytu BioScience, Inc.","1.23","$15.24M","n/a","Health Care","Major Pharmaceuticals","https://www.nasdaq.com/symbol/aytu",
"AZUL","Azul S.A.","30.39","$3.43B","2017","Transportation","Air Freight/Delivery Services","https://www.nasdaq.com/symbol/azul",
"AZRE","Azure Power Global Limited","10.98","$449.52M","2016","Public Utilities","Electric Utilities: Central","https://www.nasdaq.com/symbol/azre",
"AZRX","AzurRx BioPharma, Inc.","2.08","$36.76M","2016","Health Care","Major Pharmaceuticals","https://www.nasdaq.com/symbol/azrx",
"AZZ","AZZ Inc.","47.35","$1.24B","n/a","Consumer Durables","Building Products","https://www.nasdaq.com/symbol/azz",
